ID,Name of the organisation,DESCRIPTION,KEYWORDS,ADDRESS,EIRCODE,ONLINE ONLY SERVICE,WEBSITE,EMAIL,TELEPHONE,CATEGORIES,SUPPORT,latitude,longitude,DropIn_Info,,,,,,,,,,,,
222,_ONLINE - Abolish Direct Provision Campaign,Awareness about DP-Empowerment of Refugees in DP-Engagement with the Government ,"Direct Provision, Refugees",We don't have a physical office since Covid-19,None,Yes,www.directprovision.org ,info@directprovision.org,0894248872,"Information & Advice, Wellbeing & Mental Health, Public Awareness & Activsm",Public Awareness & Activism,53.35,-6.26,N/A,,,,,,,,,,,,
5,_ONLINE - Academy of Success and Happiness ,"Academy of Success and Happiness We support Russian-speaking migrants and refugees from various countries living in Ireland through mental health and community-building activities. Our work includes: – Consultations, retreats, and cultural festivals – Outdoor seminars and Slavic celebrations – Programs such as Laughter Yoga, Neurographica Art Therapy, creative art workshops, and the “Good Mood” international dance & integration program We aim to improve emotional well-being, reduce stress, and help people connect and thrive in a new environment.","
Mental health support for migrants, 
emotional wellbeing for migrants in Ireland,
community events for Slavic in Ireland , 
Russian-speaking, art therapy in Ireland, 
Laughter Yoga, 
creative workshops for migrants,
dance for integration, 
Slavic festivals in Ireland, 
retreats in Ireland, 
stress relief, 
support for migrants, 
support for refugees, 
women's groups,
 cultural programs, 
group activities on Russian speakers, 
trauma healing, 
social connection for migrants 

",We work all over Ireland wherever we are invited,None,Yes,https://www.facebook.com/share/1ZFcATSRgv/,academy.ash.123@gmail.com,3.53834E+11,Information & Advice;Education;Wellbeing & Mental Health;Community & Family;Public Awareness & Activism;Culture & the Arts;,Wellbeing & Mental Health,53.633,-8.24,N/A,,,,,,,,,,,,
118,_ONLINE - Beyond Skin,"Supporting vunerable people, integration and community relations through the arts",None,None,None,No,www.beyondskin.net,Info.beyondskin@gmail.com,4.47793E+11,Education;Language Support;Wellbeing & Mental Health;Community & Family;Youth Services;Culture & the Arts;,Culture & the Arts,54.546,-6.007,N/A,,,,,,,,,,,,
223,_ONLINE - BRIJ,We visit the direct provision and emergency centres in Cork city weekly and connect IPAs to relevant support services,"Linking to local services, providing local information, form filling",None,None,Yes,www.brij.ie,brijcork@gmail.com,None,"Information & Advice, Being present in the centres",Information & Advice,51.899,-8.476,N/A,,,,,,,,,,,,
134,_ONLINE - Childline by ISPCC ,"Childline by ISPCC's Digital Mental Health and Wellbeing Programmes (Space From Anxiety, Supporting An Anxious Child and Supporting An Anxious Teen) are aimed at young people (15 - 18 years old) who experience low to moderate anxiety and parents/carers who wish to support their child or young person (5 - 18 years old) who experiences anxiety. Our programmes are based on CBT and include mindfulness practices. This service is delivered digitally (via any smart device) and does not involve face-to-face sessions.","Anxiety Management, Cognitive Behavioural Therapy, Wellbeing, Coping Skills, Resilience Building, Mental Health","Unit 3, Block 3, Harbour Square, Crofton Road, Dun Laoghaire, Dublin.",A96 H942,Yes,https://www.ispcc.ie/,spacefromanxiety@ispcc.ie,01 522 4300,Wellbeing & Mental Health;Community & Family;Youth Services;,Wellbeing & Mental Health,53.298,-6.141,N/A,,,,,,,,,,,,
184,_ONLINE - Community Connect,"Community Connect is Ireland’s National Baby Bank charity, providing practical support to pregnant women and families with babies and young children (up to the age of 3), who are experiencing financial hardship. Operating through our network of hubs in Dublin, Cork, Galway, Kilkenny & Athlone, we collect, sort, and redistribute high-quality pre-loved baby clothing and equipment, along with essential hygiene products.","baby, family, practical support
","Tallaght, D24",None,Yes,www.communityconnect.ie,info@communityconnect.ie,085 8758366,Community & Family;Environment;,Community & Family,53.286,-6.371,N/A,,,,,,,,,,,,
219,_ONLINE - Cooking For Freedom,"Our mission at Cooking For Freedom is to address the food poverty, isolation and lack of community experienced by international protection applicants and refugees living in Government-provided accommodation. We do this by providing cooking facilities and ingredients and the opportunity to prepare food together in community.",Food and Community,None,None,Yes,https://cookingforfreedom.ie/,info@cookingforfreedom.ie,0852576882,Wellbeing & Mental Health;Community & Family;,Community & Family,,,N/A,,,,,,,,,,,,
224,_ONLINE - Entheos Ireland,"Celebrant and registered solemniser for weddings, child namings, and funerals for people of all backgrounds - religion, gender, sexuality, (dis)ability, ethnicity. ","Celebrant, Wedding, Child naming, Funeral, Solemniser ",None,None,No,www.priyangee.com,hello@priyangee.com,None,"Community & Family, Public Awareness & Activsm",Community & Family,53.35,-6.26,N/A,,,,,,,,,,,,
225,_ONLINE - ESOL NI ,ESOL (English for Speakers of Other Languages) directory of formal and informal English language provision in Northern Ireland. Further Education Colleges and community-based ESOL providers information.,"English classes, ESOL, adult education.",None,None,Yes,https://esolwebapp.azurewebsites.net/,lparizzi@belfastmet.ac.uk,None,"Language Support, Education",Language Support,54.597,-5.93,N/A,,,,,,,,,,,,
101,_ONLINE - Feed my Lambs Children's Ministry,Spiritual support from a Biblical perspective.  Ministries and activities for all especially children and particularly from an African background.,"Bible teaching, child evangelism, family days, children's activities, spiritual support, ",Northern Ireland. In particular Co. Armagh,none,Yes,www.feedmylambs.org.uk,contact@feedmylambs.org.uk,N/A,Education;Community & Family;Youth Services;Biblical teaching and support;,Biblical support and activities for children,54.304,-7.244,N/A,,,,,,,,,,,,
35,_ONLINE - Generation Ireland,"Generation Ireland is a non-profit organisation supporting people into life-changing careers through free, job specific, online bootcamps and connection to hiring employers.","Finding work, upskilling, IT, technology, training, employment, careers, jobs, free, without degree, no degree, no experience, older people, parents, carers",None,None,Yes,ireland.generation.org,uki-admissions@generation.org,N/A,Employment & Training;Education;,Employment & Training,53.633,-8.24,N/A,,,,,,,,,,,,
207,_ONLINE - Human Health Project,"Human Health Project (HHP) is a global nonprofit that empowers underserved and vulnerable communities to make informed health decisions through education, advocacy, and shared patient experiences. Our programs focus on improving health literacy, healthcare access, and patient engagement, with a volunteer-driven model reaching diverse populations worldwide","Health literacy, patient advocacy, healthcare access, chronic illness support, shared patient information, diabetes prevention, children's health education, community health, volunteer health programs, health education videos, underserved communities, health equity, peer support, medical information, holistic health.",None,None,Yes,https://humanhealthproject.org/,eric.g@humanhealthproject.org,3238411400,Education;Wellbeing & Mental Health;,Education,53.633,-8.24,N/A,,,,,,,,,,,,
172,_ONLINE - Institute of Antiracism and Black studies ,"The Institute of Antiracism and Black Studies (IABS) offers antiracism training and Black Studies education to individuals and organisations. IABS works to tackle anti-Black racism, promote inclusion, and centre lived experiences to build more equitable workplaces, schools, and communities across Ireland. We raise awareness, training, support and provide advice.","Antiracism, personal development, advice, microaggression, inclusion, managing difference, living in Ireland, developing social capital, new friends, career advise ",None,None,Yes,www.iabs.ie,iabsireland@gmail.com,+353 1 5030764,Information & Advice;Employment & Training;Education;Wellbeing & Mental Health;Community & Family;Youth Services;Public Awareness & Activism;Culture & the Arts;Personal development and self advocacy d;,Education,53.633,-8.24,N/A,,,,,,,,,,,,
226,_ONLINE - LAIT Mayo,"We provide support and Information to people who are newly arrived in Mayo, especially to those who are seeking or have been granted protection by the state. ","Help on getting services in Ireland, help with forms, providing information, finding work,  finding English classes, information on asylum system, finding out whats on in the local area, social supports",None,None,Yes,www.mayo.ie,Integration@mayococo.ie,None,"Information & Advice, Also social supports",Information & Advice,54.015,-9.429,N/A,,,,,,,,,,,,
227,_ONLINE - LGBT Ireland (Cork),LGBT Ireland provides supports services for members of the LGBTQ+ community including IPAs and refugees.,"LGBT, Queer, Rainbow",None,None,Yes,www.lgbt.ie,lgbtasylumsupport@lgbt.ie,01 6859280,"Information & Advice, Wellbeing & Mental Health, Community & Family, Public Awareness & Activsm",Community & Family,51.899,-8.476,N/A,,,,,,,,,,,,
228,_ONLINE - LGBT Ireland (Dublin),LGBT Ireland provides supports services for members of the LGBTQ+ community including IPAs and refugees.,"LGBT, Queer, Rainbow",None,None,Yes,www.lgbt.ie,lgbtasylumsupport@lgbt.ie,01 6859280,"Information & Advice, Wellbeing & Mental Health, Community & Family, Public Awareness & Activsm",Community & Family,53.35,-6.26,N/A,,,,,,,,,,,,
229,_ONLINE - LGBT Ireland (Dundalk),LGBT Ireland provides supports services for members of the LGBTQ+ community including IPAs and refugees.,"LGBT, Queer, Rainbow",None,None,Yes,www.lgbt.ie,lgbtasylumsupport@lgbt.ie,01 6859280,"Information & Advice, Wellbeing & Mental Health, Community & Family, Public Awareness & Activsm",Community & Family,54.002,-6.388,N/A,,,,,,,,,,,,
230,_ONLINE - LGBT Ireland (Galway),LGBT Ireland provides supports services for members of the LGBTQ+ community including IPAs and refugees.,"LGBT, Queer, Rainbow",None,None,Yes,www.lgbt.ie,lgbtasylumsupport@lgbt.ie,01 6859280,"Information & Advice, Wellbeing & Mental Health, Community & Family, Public Awareness & Activsm",Community & Family,53.274,-9.051,N/A,,,,,,,,,,,,
231,_ONLINE - LGBT Ireland (Kilkenny),LGBT Ireland provides supports services for members of the LGBTQ+ community including IPAs and refugees.,"LGBT, Queer, Rainbow",None,None,Yes,www.lgbt.ie,lgbtasylumsupport@lgbt.ie,01 6859280,"Information & Advice, Wellbeing & Mental Health, Community & Family, Public Awareness & Activsm",Community & Family,52.655,-7.246,N/A,,,,,,,,,,,,
232,_ONLINE - LGBT Ireland (Outwest),LGBT Ireland provides supports services for members of the LGBTQ+ community including IPAs and refugees.,"LGBT, Queer, Rainbow",None,None,Yes,www.lgbt.ie,lgbtasylumsupport@lgbt.ie,01 6859280,"Information & Advice, Wellbeing & Mental Health, Community & Family, Public Awareness & Activsm",Community & Family,54.654,-8.11,N/A,,,,,,,,,,,,
9,_ONLINE - Mauritian Network Ireland ,Help with immigration issues ,Mauritian ,None ,None ,Yes,Mauritian Network ,Mauritiannetwork@gmail.com,N/A,Information & Advice;Immigration issues ;,Information & Advice,53.633,-8.24,N/A,,,,,,,,,,,,
77,_ONLINE - Mayo LAIT - Local Authority Integration Team ,"We provide support and Information to people who are newly arrived in Mayo, especially to those who are seeking or have been granted protection by the state. ","Help on getting services in Ireland, help with forms, providing information, finding work,  finding English classes, information on asylum system, finding out whats on in the local area, social supports",None,None,Yes,www.mayo.ie,Integration@mayococo.ie,None,"Information & Advice, Also social supports",Information & Advice,53.854,-9.299,N/A,,,,,,,,,,,,
195,_ONLINE - Migraine Ireland,Informational advocacy support for people living with headache conditions.,"Information, Signposting, Support, Resources, Advocacy",NONE,NONE,Yes,www.migraine.ie,info@migraine.ie,01 906 1012,Public Awareness & Activism;Information and Support ;,Chronic Illness and Disability  Support ,53.633,-8.24,N/A,,,,,,,,,,,,
234,_ONLINE - Purp Unicorn,"Our organisation supports displaced migrants intergrations by up-skilling or re-skilling in Emerging Technologies and supports them landing their first job or paid internship within the Tech Industry. We run  different programmes per year in Tech Support, Cyber Security, Data Analytics, Web Development, AI & Machine Learning.","Finding work, up-skill, courses, tech jobs",None,None,Yes,www.purplunicorn.com,hello@purpunicorn.com,0838451975,"Information & Advice, Employment & Training",Employment & Training,52.446,-9.485,N/A,,,,,,,,,,,,
97,_ONLINE - Rock of Fire Centre,Migrant Support Services ,"Migrant support, settlement support, advice line, pastoral support, ","15C High Street, Antrim, ",BT41 4AX ,Yes,www.rockoffire.com,greetings@rockoffire.com,07886346851,Information & Advice;Community & Family;Culture & the Arts;Wellbeing & Mental Health;Employment & Training;,Multiple services,54.714,-6.219,N/A,,,,,,,,,,,,
235,_ONLINE - SaorEd,"SaorEd is a free online education platform for migrants, refugees, and international protection applicants in Ireland over 18 years old. Learners can access courses for English Language learning, IT skills, employment skills and workshops, and much more. The courses are compatible with mobile phones and low bandwidth. ","English classes, education, courses, language, IT, computer skills, job skills, CV, employment skills, free education, free courses, online education",None,None,Yes,www.saored.com,info@saored.com,0833015756,Education,Education,52.664,-8.627,N/A,,,,,,,,,,,,
201,_ONLINE - Schools of Sanctuary,"Schools of Sanctuary supports schools through a framework called Learn/Action/Share, to strengthen their identity as a place of welcome and inclusion in their community, becoming a beacon of sanctuary for those who are vulnerable to marginalisation or isolation","Schools, Welcome, Incusion, Sanctuary",None,None,Yes,www.sosi.ie,info@sosi.ie,N/A,Education;,Education,53.633,-8.24,N/A,,,,,,,,,,,,
236,_ONLINE - Serve the City - Cairdeas Programme,"Cairdeas is a training, mentoring and integration programme available to international protection applicants in counties across Ireland. The over-arching aim of the programme is to promote social inclusion and cultural integration through training workshops, volunteering projects, mentoring and cultural tours.","Volunteering in Ireland, one-to-one mentoring online, cultural tours, intercultural events,  workshops, training ",None,None,No,www.servethecity.ie/volunteer/cairdeas,cairdeas@servethecity.ie,None,"Wellbeing & Mental Health, Mentoring, volunteering, cultural tours, soft skills training workshops",Multiple Services,53.35,-6.26,N/A,,,,,,,,,,,,
237,_ONLINE - The Open Community ,"The Open Community is the national support organisation for Ireland’s Community Sponsorship Programme for Refugees. The Open Community provide access to a wide range of supports and resources, as well as a national peer support network for Community Sponsorship Groups.","Community Sponsorship, ",None,D2,Yes,www.theopencommunity.ie,info@theopencommunity.ie,None,"Information & Advice, Legal Advice, Training",Multiple Services,53.35,-6.26,N/A,,,,,,,,,,,,
238,_ONLINE - The Open Doors Initiative,"The Open Doors Initiative has a dedicated programme to support migrants, refugees, and asylum seekers in accessing employment, further education, and self-employment. We are a group of over 120 member companies and non-profit partners, that work together to support individuals facing additional barriers to employment. ","Finding work, Business English classes, Job, Entrerpeneurship, Further Education, Mentorship",None,None,Yes,https://www.pathwaystoprogress.ie/,info@pathwaystoprogress.ie,None,"Information & Advice, Employment & Training, Education",Employment & Training,53.35,-6.26,N/A,,,,,,,,,,,,
173,_ONLINE - The Unforgettable Womens Network ,"Empowering ethnic minority women & youths in Ireland Driving equity, inclusion, antiracism, leadership & active citizenship. We believes every woman is important and that the deposits into one woman's life can transform our society into a better place.","Finding work, antiracism support and Advice, Personal development, career advice, CV preparations, Motivation, Befriending group Book and video club, Writing Group. mentoring, Youth empowerment ",None,None,Yes,www.tuwn.ie,tuwnireland@gmail.com,35315030764,Information & Advice;Employment & Training;Education;Wellbeing & Mental Health;Community & Family;Youth Services;Public Awareness & Activism;Culture & the Arts;,Community & Family,53.633,-8.24,N/A,,,,,,,,,,,,
239,_ONLINE - TSLI: Training & Services Leading to Inclusion,"Employment preparation courses including CV Development, Online Profiles, Job Applications and Interview Practice. Includes interaction with employers and recruiters to develop job opportunities.",None,None,None,Yes,https://scoopfoundation.org/campaign/scoop-recruit/,info@createsound.ie,086 1296995,"Employment & Training, Education",Employment & Training,53.341,-6.284,N/A,,,,,,,,,,,,
187,_ONLINE - Turn2Me,"Turn2Me is a national online mental health charity offering free, confidential support through one-to-one counselling, support groups, and 24/7 peer-to-peer services. Our mission is to provide accessible mental health support to adults and young people across Ireland.","free counselling, support groups, mental health support",None,None,Yes,turn2me.ie,info@turn2me.org,N/A,Wellbeing & Mental Health;Information & Advice;,Wellbeing & Mental Health,53.633,-8.24,N/A,,,,,,,,,,,,
240,_ONLINE - United for Changes,"UNITED FOR CHANGES initiative is aimed at helping Ireland integrate temporary displaced Ukrainians into Irish society, with a particular focus on community development and enhancing professional growth. Please follow our page for more details and updates on upcoming webinars, events and activities.","Finding work, opening business, informational webinars",None,None,Yes,https://www.youtube.com/@unitedforchanges3876,debate4changes@gmail.com,None,"Information & Advice, Employment & Training",Employment & Training,53.35,-6.26,N/A,,,,,,,,,,,,
247,_ONLINE - Wizards of Ireland,"Integration assistance for migrants and refugees in Co.Laois. Workshops, activism, hiking and other interest groups, mental support, informational meetings and volunteer support.","work shops, help and motivation, volunteers support",Portarlington,R32W99E,Yes,https://www.facebook.com/wizardsireland,wizardsireland@gmail.com,3.53834E+11,Wellbeing & Mental Health,Public Awareness & Activism,53.132,-7.149,N/A,,,,,,,,,,,,
196,_ONLINE - Women's Aid,The Women's Aid National Freephone Helpline supports women subjected to domestic violence and abuse. We provide support in 240 languages.,"Domestic abuse, Domestic Violence, Coercive Control, Intimate partner abuse.",None - this is a national phone service so not based at a physical location.,None,Yes,www.womensaid.ie,info@womensaid.ie,1800 341 900,Domestic Abuse;,Information & Advice,53.633,-8.24,N/A,,,,,,,,,,,,
206,_ONLINE/PHONE - Victim Support at Court,We provide support to victims and prosecution witnesses of all crimes during their time in court. ,"Criminal Court Support, Victim support, prosecution witness support",Nation wide,Nation wide,No,https://www.vsac.ie/,info@vsac.ie,01 8726785,Information & Advice;Wellbeing & Mental Health;Community & Family;Public Awareness & Activism;,Court Support,53.932,-7.317,N/A,,,,,,,,,,,,
186,Antrim - A Safe Space to be Me,"Maintaining and managing centres in the areas of benefit for activities promoted by the company. By providing counselling and psychotherapy, family support, community development programmes and education to those who require them By providing a free counselling services, advice and assistance to relieve poverty and financial hardship. By educating and training persons in counselling so that they may provide therapy and assist individuals experiencing mental and emotional distress.","Mental Health Support, Food Provision, Isolation, Community","Crumlin Community Hub, 28 Mill Road, Crumlin, Co. Antrim BT29 4XL",BT29 4XL,No,www.asafespacetobeme.co.uk,info@asafespacetobeme.co.uk,+442896 208284,"Information & Advice;Wellbeing & Mental Health;Community & Family;Emergency & Homelessness Support (e.g. food, shelter, day services);Food Provision;",Multiple services,54.622,-6.219,"Monday, Tuesday, Wednesday, Thursday, Friday: 9am - 4pm",,,,,,,,,,,,
78,Antrim - Ark Housing Association,"Ark Housing Association provides general needs homes and supported and sheltered accommodation at locations across Northern Ireland. We deliver a wide range of specialist homes and services to meet the needs of families, older persons, and single person households, including floating support for homeless families.","Housing, Homeless, Hostels, Support, At risk of homelessness, Family, Single adults, Sheltered housing, dementia care, temporary accommodation, residential care, older persons, North of Ireland, NI, Northern Ireland, Ireland","Unit 1, Hawthorn Office Park, 43 Stockmans Way, Belfast ",BT9 7ET,No,www.arkhousing.co.uk,info@arkhousing.co.uk,00 44 +28 9075 2310,Housing support;Community & Family;Information & Advice;,Housing support,54.57,-5.985,N/A,,,,,,,,,,,,
45,Antrim - Atlas Womens Centre,"Adult Training Learning And Support - offering a wide variety of programmes to improve confidence, skills, health and wellbeing.  Classes include Beginners ESOL.","Women's English classes, accredited classes, mental health classes and creche available for children 0 - 4 yrs while parent is attending classes",Atlas Centre 7 Bachelors Walk Lisburn ,BT28 1XJ,No,www.atlaswomenscentre.co.uk,info@atlaswomenscentre.co.uk,07514670609,Education;Language Support;Wellbeing & Mental Health;Community & Family;,Community & Family,54.514,-6.047,"Tuesday, Wednesday: 10am to 12pm",,,,,,,,,,,,
85,Antrim - Belfast Unemployed Resource Centre,"Welfare advice, Access NI, free ESOL classes, training and personal development","Welfare advice, English classes, ESOL, help with forms, Access NI, employment, benefits, training","4-6 Donegall Street Place, BT1 2FN, Belfast",BT1 2FN,No,https://www.burc.org/,info@burc.org,(028) 90961111,Information & Advice;Employment & Training;Language Support;Housing support;Community & Family;,Multiple services,54.602,-5.928,N/A,,,,,,,,,,,,
248,Antrim - Belfast Unemployed Resource Centre,"Free English language classes, welfare advice and employability supports. ","English Language, welfare  advice, skills training","4-6 Donegall Street Place, Belfast",BT6 8NX,No,www.burc.org,esol@burc.org,+4428 9096 1111,"Information & Advice, Employment & Training, Education, Language Support, Wellbeing & Mental Health",Multiple Services,54.585,-5.901,N/A,,,,,,,,,,,,
249,Antrim - Building Communities Resource Centre,"BCRC builds communities under the themes of Community Development; Good Relations and Ethnic Communities.  Ethnic Communities project provides support to those from different ethnic backgrounds and focuses on raising awareness of various cultures.  We provide ESOL classes, well-being projects, support for victims of domestic violence and much more.","support for ethnic communities, ESOL classes, well-being projects, support for domestic violence victims, Crisis fund support, bi-lingual support, drop in service, outreach support for refugees and asylum seekers, development support for BAME communities, anti - hate crime, cultural ambassadors, shared education, Diversity Equity Inclusion training, Creative cultures, Homeland traditions and international Cafe ","22/23 Acorn Business Centre, Riada Avenue, Ballymoney BT53 7LH, Co Antrim",BT53 7LH,No,https://www.theresourcecentre.org/,gosia@theresourcecentre.org,07922020044,"Health Services, Information & Advice, Employment & Training, Education, Language Support, Housing Support, Wellbeing & Mental Health, Community & Family, Youth Services, Public Awareness & Activsm",Multiple Services,55.066,-6.496,"Monday, Tuesday, Wednesday, Thursday, Friday: 9am - 5pm ",,,,,,,,,,,,
7,Antrim - Cliftonville Community Centre ,Centre Manager ,"All inclusive.
Everyone Welcome 
Family Support-Carers/Parents and Toddlers 
Youth Provision
One to One Mentoring Service for children and young people in North Belfast 
Afterschool Project 'loose play' curriculum 
Healthy Living Projects 
Sports 
Good Relations 
Personal Development 
Educational 
On the job training 
Volunteer with us ",60-64  Manor Street Belfast ,BT14 6EA,No,under construction ,BT14 6EA,Gráinne Magee ,Wellbeing & Mental Health;Community & Family;Youth Services;Culture & the Arts;Language Support;,Community & Family,54.614,-5.946,"Parents/Carers & Toddlers - Tuesday,Thursday: 10am-12pm; Afterschool Service - Daily: 3-5pm;  
Youth Project - Monday, Tuesday, Wednesday, Thursday: 6-9pm, Friday: 6-10.30pm; Art Therapy - Wednesday: 12-1.30pm 
Womens Group Friday 10-12
Mindfulness & Meditation 3-5pm Saturday 
Community Bingo 7-8pm Sunday ",,,,,,,,,,,,
250,Antrim - Conway Education Centre,"basic adult education, including English language courses and homework club for refugees and asylum-seeking families. Empowering communities through learning","English classes, homework support and study skills,, education (progression) advice, meeting people, ","5/7 Conway Street, Belfast BT13 2DE",BT13 2DE,No,www.conwayeducation.org,info@conwayeducation.org,02890 248543,"Education, Language Support, Wellbeing & Mental Health, Community & Family, Signposting to relevant organisation",Education,54.6,-5.951,"Drop-In English conversation for ladies on Friday mornings, 10am -11.30am",,,,,,,,,,,,
114,Antrim - Counselling All Nations Services (CANS),Counselling All Nations Services (CANS) provides culturally sensitive professional counselling (in English or a common minority ethnic language) to adult people living and working in Northern Ireland who are experiencing excessive stress and/or mental ill health and whose first language is not English.,"CANS, Minority Ethnic, BAME, Migrant Student, Migrant Workers, Culturally Sensitive Counselling ","1st Floor, Olive Tree House. 23/29 Fountain Street. BELFAST. BT1 5EP",BT1 5EP,No,https://counsellingallnations.org,cansinfo@counsellingallnations.org,+44 (0) 759 613 9247,Wellbeing & Mental Health;,Wellbeing & Mental Health,54.584,-5.923,N/A,,,,,,,,,,,,
114,Antrim - Counselling All Nations Services (CANS),Counselling All Nations Services (CANS) provides culturally sensitive professional counselling (in English or a common minority ethnic language) to adult people living and working in Northern Ireland who are experiencing excessive stress and/or mental ill health and whose first language is not English.,"CANS, Minority Ethnic, BAME, Migrant Student, Migrant Workers, Culturally Sensitive Counselling ","McSweeney Building, 29 Henry Place. Belfast. BT15 2AY",BT15 2AY,No,https://counsellingallnations.org,cansinfo@counsellingallnations.org,+44 (0) 759 613 9247,Wellbeing & Mental Health;,Wellbeing & Mental Health,54.60775237,-5.934198393,N/A,,,,,,,,,,,,
251,Antrim - Diverse Youth NI,"Diverse Youth NI is a reputable non-profit organization dedicated to empowering young people and fostering positive change in society. We believe in the power of youth-driven initiatives to address pressing issues, and we are committed to making a difference in the mental health landscape in Belfast.","Youth work, Social Action, Activism","275A Antrim Road, Belfast",BT15 2GZ,No,www.diverseyouthni.com,info@diverseyouthni.com,02890138615,"Education, Youth Services, Public Awareness & Activsm",Youth Services,54.617,-5.938,"Monday, Tuesday: 9.30am - 2.30pm; Friday: 3pm - 8.30pm",,,,,,,,,,,,
145,Antrim - DU Dance (NI),"We are a professional dance company that offers fun dance workshops and performance opportunities to people with little or no experience. Through dance we aim to build community connections and foster tolerance and respect. Projects include inter-cultural, cross-community and  inter-generational work.  ","Fun, physical, friendly, make friends, open to all, no commitment, try it out, no experience necessary, accessible.","Crescent Arts Centre, 2-4 University Road, Belfast ",BT7 1NH,No,www.dudanceni.com,info@dudanceni.com,02890230877,Wellbeing & Mental Health;Youth Services;Culture & the Arts;,Culture & the Arts,54.587,-5.938,"Wednesday: Ballycastle 4pm - 5.30pm; Dungannon, 6pm - 8.30pm",,,,,,,,,,,,
145,Antrim - DU Dance (NI),"We are a professional dance company that offers fun dance workshops and performance opportunities to people with little or no experience. Through dance we aim to build community connections and foster tolerance and respect. Projects include inter-cultural, cross-community and  inter-generational work.  ","Fun, physical, friendly, make friends, open to all, no commitment, try it out, no experience necessary, accessible.",Sheskburn Centre Ballycastle - BT54 6QH,BT54 6QH,No,www.dudanceni.com,info@dudanceni.com,02890230877,Wellbeing & Mental Health;Youth Services;Culture & the Arts;,Culture & the Arts,55.2032412,-6.236931313,Wednesday: Ballycastle 4pm - 5.30pm,,,,,,,,,,,,
,Antrim - East Belfast Mission,"East Belfast Mission offers services supporting our community through projects such as our Hosford Homelessness services, Employability project which helps people back to work, Irish Language project to connect a divided community and our thriving church community which offers community groups, counselling and pastoral care to those who need it.","housing advice, finding work, counselling, mental health and wellbeing support, volunteering opportunities, community groups, food bank, homeless hostel, housing, training, English classes, youth groups, homework club, church","239 Newtownards Rd, Belfast ",BT4 1AF,No,https://ebm.org.uk/,info@ebm.org.uk,028 9045 8560,Employment & Training;Housing support;Wellbeing & Mental Health;Community & Family;Homelessness services;,Multiple services,54.59867051,-5.899370974,N/A,,,,,,,,,,,,
252,Antrim - Education Authority,"Public body providing Asylum Seekers and Refugees with advice and information around accessing school places and educational supports including free school meals, uniforms and school transport applications.","finding school places, securing education support.","40 Academy Street, Belfast, BT1 2NQ",BT1 2NQ,No,www.eani.org.uk,ies@eani.org.uk,None,"Information & Advice, Education, Language Support, Community & Family, Youth Services",Education,54.604,-5.927,N/A,,,,,,,,,,,,
253,Antrim - EmbraceNI,"EmbraceNI is a group of Christians working together to promote positive responses to people seeking asylum, refugees, migrant workers and people from minority ethnic backgrounds. Embrace seeks to equip the church to fulfil its call to welcome our new neighbours, by providing information, training, materials and channels for practical help.","Welcome, signposting, training","48 Elmwood Avenue, Belfast",BT9 6AZ,No,www.embraceni.org,info@embraceni.org,02890663145,Public Awareness & Activsm,Public Awareness & Activism,54.585,-5.94,N/A,,,,,,,,,,,,
18,Antrim - Falls Women's Centre,"The centre provides a safe, welcoming, comfortable, women-only environment, supporting women to recognise and develop their talents and skills, and become active in realising their full potential. ",None,"245-258 Falls Road, Belfast, BT12 6AL",BT12 6AL,No,www.fallswomenscentre.org,info@fallswomenscentre.org,02890327672,Information & Advice;Education;Language Support;Housing support;Wellbeing & Mental Health;Community & Family;Public Awareness & Activism;Culture & the Arts;,Multiple services,54.592,-5.965,N/A,,,,,,,,,,,,
116,Antrim - Family Comfort NI ,"We provide Family support, Youth club and social engagement ","Family support, Youth club, English classes , transfer test support, drop in","237a, Falls Road BT12 6FB", BT12 6FB,No,www.familycomfortni.org,Familycomfortni@gmail.com,07586638164,Community & Family;Youth Services;Wellbeing & Mental Health;,Multiple services,54.592,-5.962,Friday: 10am-12.30pm,,,,,,,,,,,,
254,Antrim - Flourish NI,"Flourish NI provides long-term, trauma informed, tailored support to adult survivors of human trafficking and their immediate family living in Northern Ireland. Support includes one-to-one case work support, drop in advice clinic, therapies, group activities and courses. ","Case Work Support, Human Trafficking","Flourish NI, City East Business Centre, 68-72 Newtownards Road, Belfast, BT4 1GW",BT4 1GW,No,https://flourishni.org/,info@flourishni.org,02890 098828,"Information & Advice, Employment & Training, Education, Housing Support, Wellbeing & Mental Health, Community & Family",Multiple Services,54.601,-5.909,N/A,,,,,,,,,,,,
143,Antrim - Golden Thread Gallery,"GTG is a contemporary art gallery making art accessible to everyone by offering free exhibitions, workshops, and community projects in our welcoming city-centre venue. Our programmes foster community connections, develop creative skills, and boost wellbeing. We're a Calouste Gulbenkian Award winner for our work with migrant and refugee communities.","Free art workshops, free library, free play area for children, free art supplies, free mindfulness art sessions, books in different languages for kids","23-29 Queen Street, Belfast BT1 6EA",BT1 6EA,No,www.goldenthreadgallery.co.uk,info@gtgallery.co.uk,02890330920,Wellbeing & Mental Health;Community & Family;Culture & the Arts;,Culture & the Arts,54.598,-5.935,"Wednesday, Friday: 11.30am-1pm ",,,,,,,,,,,,
113,Antrim - Horn of Africa People's Aid Northern Ireland(HAPANI),"1.	To amplify the voices of refugee and migrant communities from the Horn of Africa and beyond, influence policy, and challenge the systemic injustices that prevent full participation and equality.  Objectives: 1.1	Provide accessible, culturally competent advice through a dedicated drop-in centre. 1.2	Deliver welfare, benefits and housing advice and make appropriate referrals to statutory and voluntary services for support, including on education, disability and domestic violence.  1.3	Support access to health services and culturally appropriate referrals to enable support for mental health, trauma recovery and wellbeing. 1.4	Support financial health and digital inclusion (access to computers, Wi-Fi, SIM cards etc). 1.5	Provide short-term crisis support for people with no recourse to public funds. 1.6	Respond to and influence government strategies and policies affecting refugees and asylum seekers. 1.7	Host public consultations on behalf of public bodies to engage refugee communities. ","Drop In Services for Refugees&Asylum Seekers, Homework Club,","1-5 Botanic Avenue, Belfast,",BT7 1JG,No,www.hapani.org,info@hapani.org,02890315778,"Health Services;Information & Advice;Employment & Training;Education;Language Support;Housing support;Wellbeing & Mental Health;Community & Family;Youth Services;Legal Advice;Public Awareness & Activism;Culture & the Arts;Emergency & Homelessness Support (e.g. food, shelter, day services);",Multiple services,54.589,-5.934,"Monday, Tuesday, Wednesday, Thursday, Friday: 10am to 4pm",,,,,,,,,,,,
255,Antrim - iAssist-Ni,"At IASSISTNI, we are committed to fostering a stronger, more connected, compassionate community in Belfast. As a befriending charity organization, our mission is to positively impact the lives of isolated and lonely individuals, enhancing their well-being and quality of life. ","Befriending, home support, companionship","92-94 York Road, Belfast",BT15 3HF,No,www.iassistni.com,israel@iassistni.com,07557885323,"Information & Advice, Wellbeing & Mental Health, Community & Family, Public Awareness & Activsm",Wellbeing & Mental Health,54.618,-5.924,"Tuesday, Thursday, Friday: 10am - 3pm",,,,,,,,,,,,
4,Antrim - Migration Justice Project - Law Centre NI,"Immigration legal advice, policy and community engagement services, specialising in asylum & trafficking. We produce legal and policy briefings, public education resources and FAQs on the latest developments. We conduct information sessions, outreach clinics and multilingual research. We also convene the Northern Ireland Refugee & Asylum Forum.","Specialising in forced migration. we provide free immigration legal advice, information resources, policy and advocacy and training","3rd Floor, State Building, 2 Arthur Place, Belfast, ",BT1 4HG,No,www.lawcentreni.org,migrationjustice@lawcentreni.org,(+44) 028 90 244401,Information & Advice;Legal Advice;Public Awareness & Activism;,Legal Advice,54.597,-5.931,N/A,,,,,,,,,,,,
256,Antrim - Northern Ireland Refugees and Asylum Seekers Women Association (BOMOKO NI),"Bomoko NI is a unique organisation created by and for R & AS women living in NI. We emerge emerged in response to the needs of R & AS women in NI. We provide advice & advocacy services, Education and training, Employment opportunity, Mental Health and Wellbeing Awareness, Community engagement and integration.","We provide advice & advocacy services, Education and training, Employment opportunity, Mental Health and Wellbeing Awareness, Community engagement and integration.","3 Glengall Street, Glengall Exchange, BT12 5AB ",BT12 5AB,No,www.bomokoni.org,info@bomokoni.org.uk,00442896935919,"Health Services, Information & Advice, Employment & Training, Education, Language Support, Housing Support, Wellbeing & Mental Health, Community & Family",Multiple Services,54.595,-5.936,"9.30am to 1pm drop-in, afternoon only by appointment",,,,,,,,,,,,
63,Antrim - Participation and the Practice of Rights,PPR is a community organising NGO which hosts the Kind Economy campaign and Anaka Women's Collective. PPR facilitates and supports the most marginalised communities to use human rights based approaches to realise their social and economic rights.,"Campaigning against the hostile environment, supporting young people to access education, supporting people to campaign for the right to work, supporting people in transitions from Mears to NIHE accommodation, campaigning for rights.","Community House, Citylink Business Park, 6a Albert Street, Belfast",BT12 4HQ,No,www.nlb.ie,info@pprproject.org,02890 313315,Housing support;Education;Wellbeing & Mental Health;Public Awareness & Activism;,Public Awareness & Activism,54.597,-5.94,N/A,,,,,,,,,,,,
146,Antrim - Raices NI (Spanish Language and Culture for families in Northern Ireland),We organise activities to maintain linguistic and cultural ties with Spanish speaking countries and cultures as well as with people who speak Spanish.,Spanish classes. Meeting Spanish speakers,"Shaftesbury Community and Recreation Centre Balfour Avenue, Belfast",BT7 2EW,No,https://asociacion-raices-ni.webador.co.uk/,asociacionraicesni@gmail.com,N/A,Information & Advice;Education;Community & Family;Culture & the Arts;,Community & Family,54.587,-5.925,N/A,,,,,,,,,,,,
257,Antrim - Rainbow Refugees NI,"A volunteer group that celebrates LGBTQIA+ people seeking sanctuary in Northern Ireland. We hold monthly confidential social events, foster mutual support between members and campaign for inclusion in both the LGBTQIA+ and refugee communities. We do not provide support services directly.","LGBTQIA+, refugee & asylum, social",Belfast ,None,No,www.rainbowrefugeesni.com,rainbowrefugeesni@gmail.com,None,"Community & Family, Public Awareness & Activsm, Social connection",Community & Family,54.597,-5.93,By appointment,,,,,,,,,,,,
168,Antrim - Refuge Language ,Refuge Language teaches ESOL to refugees and asylum seekers. ,English class,22 Bloomfield Avenue,BT5 5AD,No,www.refugelanguage.com,Info@refugelanguage.com,07859931887,Education;Language Support;,Language Support,54.596,-5.892,N/A,,,,,,,,,,,,
258,Antrim - Starling Collective,"Empowering and supporting the refugee and asylum community with a mental health partnership programme, a destitution programme, and offering support, advice and advocacy.","destitution, trauma, advice, mental health","129 University Street, Belfast,",BT7 1HP,No,http://starlingcollective.org.uk/,info@starlingcollective.org.uk,00 44 +28 90 135 531,"Health Services, Information & Advice, Housing Support, Wellbeing & Mental Health, Community & Family",Multiple Services,54.586,-5.928,N/A,,,,,,,,,,,,
259,Antrim - The African and Caribbean Support Organisation of NI (ACSONI),We are a support organisation that aims to advocate for and empower the African and Caribbean diaspora in Northern Ireland. Our remit has expanded massively in the last year and we now support many people seeking asylum from a diverse range of nationalities through a number of clinics such as immigration & employabilitu advice & computer cafes,"Immigration clinic, housing support, language support, community dialogue,  employability support, digital access support, cultural events",9 Lower Crescent Belfast ,Bt7 1nr,No,https://www.acsoni.org/,keyworker@acsoni.org,07533221878,"Health Services, Information & Advice, Employment & Training, Education, Language Support, Housing Support, Wellbeing & Mental Health, Community & Family, Youth Services, Legal Advice, Public Awareness & Activsm",Multiple Services,54.588,-5.933,"Generally monday-friday afternoons, we post any unavailability on social media ",,,,,,,,,,,,
19,Antrim - The Rainbow Project Ltd,"Since 1994, the Rainbow Project has been working for a better Northern Ireland for LGBTQIA+ people and their families. We change lives through our service provision which mitigates the impact of discrimination, and we change society through our training, campaigning and policy work, which seeks to eliminate the root causes of that discrimination and deliver full social and legal equality for LGBTQIA+ people. ","LGBTQIA+, LGBT, Gay, Lesbian, Bisexual, Transgender","23-31 Waring Street, Belfast ",BT1 2DX ,No,www.rainbow-project.org,info@rainbow-project.org,02890319030,Health Services;Information & Advice;Wellbeing & Mental Health;Community & Family;Youth Services;Public Awareness & Activism;,Wellbeing & Mental Health,54.601,-5.929,N/A,,,,,,,,,,,,
8,Antrim - The Suitcase Project,"We are a Church of Ireland initiative that provides support to new comers in East Belfast. We offer English language classes and conversation cafes. We provide general advice and support, initiatives to support integration, education support and home visits.  ","English classes, help with forms, employment support","Emmanuel Hall, 50 Roslyn Street, Belfast",BT6 8JJ,No,Thesuitcaseproject.org.uk,Info@thesuitcaseproject.org.uk,07572817429,Language Support;Information & Advice;Community & Family;,Language Support,54.589,-5.908,"Monday, Tuesday, Wednesday: 10am-12.30pm; Wednesday evening: 7.30-9pm.",,,,,,,,,,,,
103,Antrim - whiterock childrens centre,We provide English language  classes with childcare for families in the West Belfast area. ,"English language classes,help filling in forms ,support with food and vouchers.","91 Whiterock road,belfast BT119NT",044,No,wwwwhiterockcfc.org,d.walsh@whiterockchildrenscentre.org,02890438438,Information & Advice;Education;Wellbeing & Mental Health;,Multiple services,54.591,-5.979,"Monday, Tuesday, Wednesday, Thursday, Friday. To get support from our family support workers on different issues from housing,dentists, school places and help with filling in forms and food and clothing support, class times and childcare places. Even though we take drop ins we encourage people to ring and make an appointment . ",,,,,,,,,,,,
29,Armagh - Minority Ethnic Support Armagh,"Minority Ethnic Support Armagh (MESA) empowers and supports ethnic-minority, migrant, asylum-seeking, Roma, and Traveller families in Armagh. They offer holistic, family‑centred services—legal aid, health, education, parenting, anti‑racism training, English classes, youth clubs, befriending, and cultural events advocating for rights, inclusion, and integration into society ",Immigration; English Classes; Child and Family Support,16 Russell Street Armagh ,BT61 9AA,No,www.mesarmagh.com,funding@mesarmagh.com,02837537595,Community & Family;Wellbeing & Mental Health;Language Support;Education;Information & Advice;Employment & Training;Legal Advice;,Information & Advice,54.35,-6.655,"Monday, Tuesday, Thursday: 11am-3pm",,,,,,,,,,,,
120,Armagh - Vibe ,"Vibe community hub - love, support and care for anyone in our community ","Prayer, counselling, money management, food bank, cv writing, English classes","1 Barrack St, Armagh",Bt61 1ah,No,Vibeni.com,Hello@vibeni.com,07515571385,"Information & Advice;Wellbeing & Mental Health;Community & Family;Youth Services;Emergency & Homelessness Support (e.g. food, shelter, day services);",Multiple services,54.347,-6.65,"Monday, Tuesday, Wednesday, Thursday, Friday: 9am-5pm",,,,,,,,,,,,
159,Armagh - Yellow Ribbon Mental Health & Wellbeing centre,Yellow Ribbon is a psychological based agency registered with the NI Charity Commission. We  are non funded   and open Monday through Wednesday  excluding public holidays. Our aim is to provide psychological support for those with anxiety depression  and bereavement issues  and relationship breakdown.,yellowribbon    suicideprevention   psychologicalsupport  bereavement ,76 Bleary Rd Portadown  Craigavon  BT635NF,BT635NF,No,www.yellowribbon-ni.org.uk,yellow-ribbon76@hotmail.com,02837240051,Wellbeing & Mental Health;,Wellbeing & Mental Health,54.417,-6.388,N/A,,,,,,,,,,,,
151,Carlow - Bagenalstown Family Resource Centre,"Bagenalstown Family Resource Centre (BFRC) plays a vital role in combating disadvantage by focusing on strengthening family functioning and well-being. Through a comprehensive range of both universal and targeted services, BFRC addresses the unique needs of families using a strengths-based approach, empowering them to build on their capabilities and resilience.","Counselling for children and adults, family support, education, social activities","Gleann Na Bearú, Moneybeg, Muine Bheag, Co. Carlow, ",R21 Y753,No,https://bagenalstownfamilyresourcecentre.ie/,bagenalstownfrc70@gmail.com,0599722028,Information & Advice;Education;Wellbeing & Mental Health;Community & Family;,Multiple services,52.698,-6.965,N/A,,,,,,,,,,,,
74,Carlow - Carlow County Council,"We provide advice, guidance and information on access to supports and services for new arrivals within County Carlow",None,"Athy Road, Carlow",R93 E7R7,No,Carlow.ie,integrationsupportunit@carlowcoco.ie,087 0323890,"Health Services, Information & Advice, Employment & Training, Education, Language Support, Wellbeing & Mental Health, Community & Family, Youth Services",Multiple Services,52.841,-6.932,N/A,,,,,,,,,,,,
154,Carlow - Fáilte Isteach,"Fáilte Isteach is a conversational English language project involving predominantly older volunteer tutors welcoming migrants and refugees through free, accessible classes. It's a community-based project offering a welcoming space for all. We currently have 200 active locations across 26 counties in Ireland.","Conversational English Classes, Fáilte Isteach, Improve English Conversational Skills, Free English Classes",Office address is Summerhill in Meath but we have group locations across Ireland. All classes are listed here: https://www.thirdageireland.ie/failte-isteach/locations ,A83 PW94,No,https://www.thirdageireland.ie/failte-isteach,failteisteach@thirdageireland.ie,(046) 9557766,Language Support,Language Support,53.483,-6.74,"Available: All classes are available for drop in, although learners are encourage to attend regularly when possible., No time given",,,,,,,,,,,,
26,Carlow - South Leinster Citizens Information Carlow area,"We provide information, assistance with forms and advocacy to appeal decisions. Service users need to be able to communicate in English, or they can bring someone with them to translate.","Information, Welfare services, Advice, Advocacy","43 Tullow Street, Carlow",R93 WK8V,No,www.citizensinformation.ie,carlow@citinfo.ie,0818 07 5130,Information & Advice;,Information & Advice,52.836,-6.949,"Monday, Tuesday: 10am-12.30pm and 2-4.30pm; Wednesday: 10am-12.30pm",,,,,,,,,,,,
260,Cavan - Cavan County Council,"Local Authority Integration Teams (LAITs) promote integration by helping international protection applicants, refugees, and beneficiaries of temporary protection access services and supports. LAITs ensure individuals and families can fully engage with their communities and thrive in their new environment",None,"Farnham St, Cavan",H12 R6V2,No,www.cavancoco.ie,integration@cavancoco.ie,0494378300,"Information & Advice, Community & Family",Employment & Training,53.993,-7.362,N/A,,,,,,,,,,,,
127,Cavan - Cavan County Local Development,"Local Development Company providing supports to New Communities, Migrant Workers, Refugees and International Protection Applicants in areas such as community participation, employment supports, lifelong learning and education, health and well being and advocacy.","Finding work, Integration, Health and wellbeing, Advice, Support, form filling, education, training, English classes","Unit 6A Corlurgan Business Park, Ballinagh Road, Cavan ",H12DP86,No,www.ccld.ie,info@ccld.ie,0494331029,Health Services;Information & Advice;Employment & Training;Education;Language Support;Housing support;Wellbeing & Mental Health;Community & Family;Youth Services;Legal Advice;Public Awareness & Activism;Culture & the Arts;Environment;,Multiple services,53.964,-7.358,"Monday, Tuesday, Wednesday, Friday, Thursday, Saturday, Sunday: 9:30am-5pm",,,,,,,,,,,,
127,Cavan - Cavan County Local Development,"Local Development Company providing supports to New Communities, Migrant Workers, Refugees and International Protection Applicants in areas such as community participation, employment supports, lifelong learning and education, health and well being and advocacy.","Finding work, Integration, Health and wellbeing, Advice, Support, form filling, education, training, English classes","Beckscourt Centre, Beckscourt View, Drumbannan, Bailieborough, Co. Cavan, A82 D928",A82 D928,No,www.ccld.ie,info@ccld.ie,0494331029,Health Services;Information & Advice;Employment & Training;Education;Language Support;Housing support;Wellbeing & Mental Health;Community & Family;Youth Services;Legal Advice;Public Awareness & Activism;Culture & the Arts;Environment;,Multiple services,53.92046781,-6.971804282,"Monday, Tuesday, Wednesday, Friday, Thursday, Saturday, Sunday: 9:30am-5pm",,,,,,,,,,,,
127,Cavan - Cavan County Local Development,"Local Development Company providing supports to New Communities, Migrant Workers, Refugees and International Protection Applicants in areas such as community participation, employment supports, lifelong learning and education, health and well being and advocacy.","Finding work, Integration, Health and wellbeing, Advice, Support, form filling, education, training, English classes","The Diamond, Belturbet, Co Cavan, H14 CK85",H14 CK85,No,www.ccld.ie,info@ccld.ie,0494331029,Health Services;Information & Advice;Employment & Training;Education;Language Support;Housing support;Wellbeing & Mental Health;Community & Family;Youth Services;Legal Advice;Public Awareness & Activism;Culture & the Arts;Environment;,Multiple services,54.10037806,-7.444881307,"Monday, Tuesday, Wednesday, Friday, Thursday, Saturday, Sunday: 9:30am-5pm",,,,,,,,,,,,
127,Cavan - Cavan County Local Development,"Local Development Company providing supports to New Communities, Migrant Workers, Refugees and International Protection Applicants in areas such as community participation, employment supports, lifelong learning and education, health and well being and advocacy.","Finding work, Integration, Health and wellbeing, Advice, Support, form filling, education, training, English classes","Unit 5, Blacklion Enterprise Centre, Belcoo Road, Blacklion, Co Cavan, F91 R89A",F91 R89A,No,www.ccld.ie,info@ccld.ie,0494331029,Health Services;Information & Advice;Employment & Training;Education;Language Support;Housing support;Wellbeing & Mental Health;Community & Family;Youth Services;Legal Advice;Public Awareness & Activism;Culture & the Arts;Environment;,Multiple services,54.29218947,-7.875991173,"Monday, Tuesday, Wednesday, Friday, Thursday, Saturday, Sunday: 9:30am-5pm",,,,,,,,,,,,
127,Cavan - Cavan County Local Development,"Local Development Company providing supports to New Communities, Migrant Workers, Refugees and International Protection Applicants in areas such as community participation, employment supports, lifelong learning and education, health and well being and advocacy.","Finding work, Integration, Health and wellbeing, Advice, Support, form filling, education, training, English classes","1 Granard Street, Ballyjamesduff, Co Cavan, A82 H327",A82 H327,No,www.ccld.ie,info@ccld.ie,0494331029,Health Services;Information & Advice;Employment & Training;Education;Language Support;Housing support;Wellbeing & Mental Health;Community & Family;Youth Services;Legal Advice;Public Awareness & Activism;Culture & the Arts;Environment;,Multiple services,53.86363788,-7.208198915,"Monday, Tuesday, Wednesday, Friday, Thursday, Saturday, Sunday: 9:30am-5pm",,,,,,,,,,,,
127,Cavan - Cavan County Local Development,"Local Development Company providing supports to New Communities, Migrant Workers, Refugees and International Protection Applicants in areas such as community participation, employment supports, lifelong learning and education, health and well being and advocacy.","Finding work, Integration, Health and wellbeing, Advice, Support, form filling, education, training, English classes","House No 1, Realtog Centre, Upper Main Street, Kilnaleck, Co Cavan, A82 V9W7",A82 V9W7,No,www.ccld.ie,info@ccld.ie,0494331029,Health Services;Information & Advice;Employment & Training;Education;Language Support;Housing support;Wellbeing & Mental Health;Community & Family;Youth Services;Legal Advice;Public Awareness & Activism;Culture & the Arts;Environment;,Multiple services,53.8602564,-7.32053061,"Monday, Tuesday, Wednesday, Friday, Thursday, Saturday, Sunday: 9:30am-5pm",,,,,,,,,,,,
154,Cavan - Fáilte Isteach,"Fáilte Isteach is a conversational English language project involving predominantly older volunteer tutors welcoming migrants and refugees through free, accessible classes. It's a community-based project offering a welcoming space for all. We currently have 200 active locations across 26 counties in Ireland.","Conversational English Classes, Fáilte Isteach, Improve English Conversational Skills, Free English Classes",Office address is Summerhill in Meath but we have group locations across Ireland. All classes are listed here: https://www.thirdageireland.ie/failte-isteach/locations ,A83 PW94,No,https://www.thirdageireland.ie/failte-isteach,failteisteach@thirdageireland.ie,(046) 9557766,Language Support,Language Support,53.483,-6.74,"Available: All classes are available for drop in, although learners are encourage to attend regularly when possible., No time given",,,,,,,,,,,,
178,Cavan - Legal Aid Board,"The Legal Aid Board is an independent, publicly funded organisation providing civil legal aid and advice, family mediation services, assisted decision-making services, International protection services, and much more. ","Legal Aid, Legal advice, family mediation, international protection, rights of cohabitants, guardianship, assisted decision making, traveller support, abhaile scheme","Cavan Law Centre, Newcourt Shopping Centre, Church Street, Cavan",H12 CD8D,No,www.legalaidboard.ie,lawcentrecavan@legalaidboard.ie,Phone: (066) 947 1000  LoCall: 0818 615 200; Cavan (049) 433 1110,Information & Advice;Housing support;Community & Family;Legal Advice;International protection;,Multiple services,53.99294421,-7.358302512,N/A,,,,,,,,,,,,
270,Clare - Clare Immigrant Support Centre,"Clare Immigrant Support Centre  aims to ensure access  state and community services and the upholding of all the rights and entitlements of all in the immigrant community. Clare Immigrant Support Centre also aims to support better outcomes for people in their engagement with and access to state agencies and authorities, ","Outreach, Drop In, Citizenship Passports, Support ",Unit 6  Clonroad Business Park Clonroad Ennis Co Clare V95 CV06,V95 CV06,No,www.clareimmigrantsupportcentre.ie ,ciscennis@gmail.com,0852671278   or  0656822026,"Health Services, Information & Advice, Employment & Training, Education, Language Support, Wellbeing & Mental Health, Community & Family, Public Awareness & Activsm",Multiple Services,52.844,-8.974,"Tuesday, Wednesday: 10am to 1pm ",,,,,,,,,,,,
280,Clare - Clare Local Authority Integration Team ,"(LAITs) promote integration from day one by helping international protection applicants, refugees, and beneficiaries of temporary protection access essential services and supports. ","Integration, Access, Welcoming Supportive, Help, Empowerment, Community, Informative ",Clare County Council HQ New Road Ennis Co Clare ,V95 DXP2,No,https://www.clarecoco.ie/services/integration/integration-supports/,integration@clarecoco.ie,0873936019,Information & Advice,Multiple Services,52.85,-8.976,N/A,,,,,,,,,,,,
20,Clare - Clare Volunteer Centre,"We provide support to people who are looking to volunteer and also provide a range of services to volunteer involving organisations including training, garda vetting, advocacy and recognition.","Finding a volunteer role, getting involved with your new community, sharing your skills, helping with improving your English through volunteering","Clare Volunteer Centre, Government Buildings, Kilrush Road, Ennis, Co. Clare",V95F782,No,www.volunteerclare.ie,info@volunteerclare.ie,065 68 45517,Information & Advice;Volunteering Opportunities;,Volunteering Opportunities,52.838,-8.994,"Monday, Tuesday, Wednesday, Thursday, Friday: 9am - 4pm",,,,,,,,,,,,
180,Clare - Clare Youth Service,"Clare Youth Service is a leader in the field of Youth Services since 1969. CYS believe all young people are equal and citizens in their own right. Core values of Trust, Listening, Respect, Voluntary Participation and Representation permeate our work with active youth participation a cornerstone of our practice. ","Youth Work, Community Training Centre, Youth Groups, Youth Projects, Youth Information, Youth Diversion, Safe Spaces, Youth Clubs","Clare Youth Service, Carmody Street, Ennis, County Clare, V95 EK75",V95 EK75,No,under construction. Social media - Facebook and Instagram @clareyouthservice ,info@clareyouthservice.org,065 6845350,Employment & Training;Education;Wellbeing & Mental Health;Youth Services;Culture & the Arts;Information & Advice;,Multiple services,52.842,-8.985,"Wednesday, Thursday, Friday, Saturday: the time varies at the different locations and  depending on the time of year. Enquiries to Carmody Street Youth Centre can be made Monday to Friday, 9am-5pm, for all projects and directly to the Community Training Centre. Youth Work Drop In's, Cafes, etc. operate outside these times and youth worker contacts are available.",,,,,,,,,,,,
180,Clare - Clare Youth Service,"Clare Youth Service is a leader in the field of Youth Services since 1969. CYS believe all young people are equal and citizens in their own right. Core values of Trust, Listening, Respect, Voluntary Participation and Representation permeate our work with active youth participation a cornerstone of our practice. ","Youth Work, Community Training Centre, Youth Groups, Youth Projects, Youth Information, Youth Diversion, Safe Spaces, Youth Clubs","Killaloe Youth Project, V94 W7X6",V94 W7X6,No,under construction. Social media - Facebook and Instagram @clareyouthservice ,info@clareyouthservice.org,065 6845350,Employment & Training;Education;Wellbeing & Mental Health;Youth Services;Culture & the Arts;Information & Advice;,Multiple services,52.80739008,-8.443202345,"Wednesday, Thursday, Friday, Saturday: the time varies at the different locations and depending on the time of year. Enquiries to Carmody Street Youth Centre can be made Monday to Friday, 9am-5pm, for all projects and directly to the Community Training Centre. Youth Work Drop In's, Cafes, etc. operate outside these times and youth worker contacts are available.",,,,,,,,,,,,
180,Clare - Clare Youth Service,"Clare Youth Service is a leader in the field of Youth Services since 1969. CYS believe all young people are equal and citizens in their own right. Core values of Trust, Listening, Respect, Voluntary Participation and Representation permeate our work with active youth participation a cornerstone of our practice. ","Youth Work, Community Training Centre, Youth Groups, Youth Projects, Youth Information, Youth Diversion, Safe Spaces, Youth Clubs",The Junction Youth & Community Building (UBU & YI),V95 XA43,No,under construction. Social media - Facebook and Instagram @clareyouthservice ,info@clareyouthservice.org,065 6845350,Employment & Training;Education;Wellbeing & Mental Health;Youth Services;Culture & the Arts;Information & Advice;,Multiple services,52.84694553,-8.990758238,"Wednesday, Thursday, Friday, Saturday: the time varies at the different locations and  depending on the time of year. Enquiries to Carmody Street Youth Centre can be made Monday to Friday, 9am-5pm, for all projects and directly to the Community Training Centre. Youth Work Drop In's, Cafes, etc. operate outside these times and youth worker contacts are available.",,,,,,,,,,,,
180,Clare - Clare Youth Service,"Clare Youth Service is a leader in the field of Youth Services since 1969. CYS believe all young people are equal and citizens in their own right. Core values of Trust, Listening, Respect, Voluntary Participation and Representation permeate our work with active youth participation a cornerstone of our practice. ","Youth Work, Community Training Centre, Youth Groups, Youth Projects, Youth Information, Youth Diversion, Safe Spaces, Youth Clubs",Tulla Youth Project V95 WN93,V95 WN93,No,under construction. Social media - Facebook and Instagram @clareyouthservice ,info@clareyouthservice.org,065 6845350,Employment & Training;Education;Wellbeing & Mental Health;Youth Services;Culture & the Arts;Information & Advice;,Multiple services,52.8685735,-8.752856743,"Wednesday, Thursday, Friday, Saturday: the time varies at the different locations and  depending on the time of year. Enquiries to Carmody Street Youth Centre can be made Monday to Friday, 9am-5pm, for all projects and directly to the Community Training Centre. Youth Work Drop In's, Cafes, etc. operate outside these times and youth worker contacts are available.",,,,,,,,,,,,
180,Clare - Clare Youth Service,"Clare Youth Service is a leader in the field of Youth Services since 1969. CYS believe all young people are equal and citizens in their own right. Core values of Trust, Listening, Respect, Voluntary Participation and Representation permeate our work with active youth participation a cornerstone of our practice. ","Youth Work, Community Training Centre, Youth Groups, Youth Projects, Youth Information, Youth Diversion, Safe Spaces, Youth Clubs",CYS Integration Project Kilkee V15 D276,V15 D276,No,under construction. Social media - Facebook and Instagram @clareyouthservice ,info@clareyouthservice.org,065 6845350,Employment & Training;Education;Wellbeing & Mental Health;Youth Services;Culture & the Arts;Information & Advice;,Multiple services,52.67849277,-9.643595451,"Wednesday, Thursday, Friday, Saturday: the time varies at the different locations and  depending on the time of year. Enquiries to Carmody Street Youth Centre can be made Monday to Friday, 9am-5pm, for all projects and directly to the Community Training Centre. Youth Work Drop In's, Cafes, etc. operate outside these times and youth worker contacts are available.",,,,,,,,,,,,
180,Clare - Clare Youth Service,"Clare Youth Service is a leader in the field of Youth Services since 1969. CYS believe all young people are equal and citizens in their own right. Core values of Trust, Listening, Respect, Voluntary Participation and Representation permeate our work with active youth participation a cornerstone of our practice. ","Youth Work, Community Training Centre, Youth Groups, Youth Projects, Youth Information, Youth Diversion, Safe Spaces, Youth Clubs",Sixmilebridge Youth Project V95 X886,V95 X886,No,under construction. Social media - Facebook and Instagram @clareyouthservice ,info@clareyouthservice.org,065 6845350,Employment & Training;Education;Wellbeing & Mental Health;Youth Services;Culture & the Arts;Information & Advice;,Multiple services,52.74059307,-8.778802241,"Wednesday, Thursday, Friday, Saturday: the time varies at the different locations and  depending on the time of year. Enquiries to Carmody Street Youth Centre can be made Monday to Friday, 9am-5pm, for all projects and directly to the Community Training Centre. Youth Work Drop In's, Cafes, etc. operate outside these times and youth worker contacts are available.",,,,,,,,,,,,
180,Clare - Clare Youth Service,"Clare Youth Service is a leader in the field of Youth Services since 1969. CYS believe all young people are equal and citizens in their own right. Core values of Trust, Listening, Respect, Voluntary Participation and Representation permeate our work with active youth participation a cornerstone of our practice. ","Youth Work, Community Training Centre, Youth Groups, Youth Projects, Youth Information, Youth Diversion, Safe Spaces, Youth Clubs",CYS Integration Project Lisdoonvarna V95 WF68,V95 WF68,No,under construction. Social media - Facebook and Instagram @clareyouthservice ,info@clareyouthservice.org,065 6845350,Employment & Training;Education;Wellbeing & Mental Health;Youth Services;Culture & the Arts;Information & Advice;,Multiple services,53.02695678,-9.285774251,"Wednesday, Thursday, Friday, Saturday: the time varies at the different locations and  depending on the time of year. Enquiries to Carmody Street Youth Centre can be made Monday to Friday, 9am-5pm, for all projects and directly to the Community Training Centre. Youth Work Drop In's, Cafes, etc. operate outside these times and youth worker contacts are available.",,,,,,,,,,,,
180,Clare - Clare Youth Service,"Clare Youth Service is a leader in the field of Youth Services since 1969. CYS believe all young people are equal and citizens in their own right. Core values of Trust, Listening, Respect, Voluntary Participation and Representation permeate our work with active youth participation a cornerstone of our practice. ","Youth Work, Community Training Centre, Youth Groups, Youth Projects, Youth Information, Youth Diversion, Safe Spaces, Youth Clubs",Newmarket-on-Fergus Youth Project V95 RH93,V95 RH93,No,under construction. Social media - Facebook and Instagram @clareyouthservice ,info@clareyouthservice.org,065 6845350,Employment & Training;Education;Wellbeing & Mental Health;Youth Services;Culture & the Arts;Information & Advice;,Multiple services,52.76151911,-8.88915468,"Wednesday, Thursday, Friday, Saturday: the time varies at the different locations and  depending on the time of year. Enquiries to Carmody Street Youth Centre can be made Monday to Friday, 9am-5pm, for all projects and directly to the Community Training Centre. Youth Work Drop In's, Cafes, etc. operate outside these times and youth worker contacts are available.",,,,,,,,,,,,
180,Clare - Clare Youth Service,"Clare Youth Service is a leader in the field of Youth Services since 1969. CYS believe all young people are equal and citizens in their own right. Core values of Trust, Listening, Respect, Voluntary Participation and Representation permeate our work with active youth participation a cornerstone of our practice. ","Youth Work, Community Training Centre, Youth Groups, Youth Projects, Youth Information, Youth Diversion, Safe Spaces, Youth Clubs",Shannon Youth Project V14 XV97,V14 XV97,No,under construction. Social media - Facebook and Instagram @clareyouthservice ,info@clareyouthservice.org,065 6845350,Employment & Training;Education;Wellbeing & Mental Health;Youth Services;Culture & the Arts;Information & Advice;,Multiple services,52.71001451,-8.860916534,"Wednesday, Thursday, Friday, Saturday: the time varies at the different locations and  depending on the time of year. Enquiries to Carmody Street Youth Centre can be made Monday to Friday, 9am-5pm, for all projects and directly to the Community Training Centre. Youth Work Drop In's, Cafes, etc. operate outside these times and youth worker contacts are available.",,,,,,,,,,,,
180,Clare - Clare Youth Service,"Clare Youth Service is a leader in the field of Youth Services since 1969. CYS believe all young people are equal and citizens in their own right. Core values of Trust, Listening, Respect, Voluntary Participation and Representation permeate our work with active youth participation a cornerstone of our practice. ","Youth Work, Community Training Centre, Youth Groups, Youth Projects, Youth Information, Youth Diversion, Safe Spaces, Youth Clubs",B3 Warehouse -Creative space Shannon V14 NP60,V14 NP60,No,under construction. Social media - Facebook and Instagram @clareyouthservice ,info@clareyouthservice.org,065 6845350,Employment & Training;Education;Wellbeing & Mental Health;Youth Services;Culture & the Arts;Information & Advice;,Multiple services,52.71804569,-8.869614496,"Wednesday, Thursday, Friday, Saturday: the time varies at the different locations and  depending on the time of year. Enquiries to Carmody Street Youth Centre can be made Monday to Friday, 9am-5pm, for all projects and directly to the Community Training Centre. Youth Work Drop In's, Cafes, etc. operate outside these times and youth worker contacts are available.",,,,,,,,,,,,
154,Clare - Fáilte Isteach,"Fáilte Isteach is a conversational English language project involving predominantly older volunteer tutors welcoming migrants and refugees through free, accessible classes. It's a community-based project offering a welcoming space for all. We currently have 200 active locations across 26 counties in Ireland.","Conversational English Classes, Fáilte Isteach, Improve English Conversational Skills, Free English Classes",Office address is Summerhill in Meath but we have group locations across Ireland. All classes are listed here: https://www.thirdageireland.ie/failte-isteach/locations ,A83 PW94,No,https://www.thirdageireland.ie/failte-isteach,failteisteach@thirdageireland.ie,(046) 9557766,Language Support,Language Support,53.483,-6.74,"Available: All classes are available for drop in, although learners are encourage to attend regularly when possible., No time given",,,,,,,,,,,,
182,Clare - Killaloe/Ballina Community & Family Resource Centre,"The Killaloe/Ballina Community & Family Resource Centre aspires to be part of an inclusive and dynamic community where people feel comfortable in seeking and providing help and support to one another and whose members uphold equality for all groups, families and individuals so that opportunities for employment, security, personal growth and good health are open to all.",None,"The Green, Killaloe, Co. Clare",V94 W7X6,No,www.kbfrc.ie,info@kbfrc.ie,061-374741,Information & Advice;Employment & Training;Education;Language Support;Housing support;Wellbeing & Mental Health;Community & Family;Youth Services;Public Awareness & Activism;Culture & the Arts;Environment;,Multiple services,52.808,-8.444,"Monday, Tuesday, Wednesday, Thursday, Friday: 9.30am-1pm and 1.30-4pm",,,,,,,,,,,,
281,Clare - LAIT Team - Clare County Council,"The goal of LAITs is to help IP applicants and refugees become independent, settle into their new communities, and participate in Irish life. They do this by connecting people to important services that can help them integrate into the community. ","Advise where to get support for health, education or general needs","Clare County Council Offices, New Road, Ennis, Co Clare",NONE,No,https://clarecoco.ie/services/integration/integration-supports/,integration@clarecoco.ie,None,Information & Advice,Multiple Services,52.85,-8.976,N/A,,,,,,,,,,,,
178,Clare - Legal Aid Board,"The Legal Aid Board is an independent, publicly funded organisation providing civil legal aid and advice, family mediation services, assisted decision-making services, International protection services, and much more. ","Legal Aid, Legal advice, family mediation, international protection, rights of cohabitants, guardianship, assisted decision making, traveller support, abhaile scheme","Ennis Law Centre, Station Road, Clonroad Beg, Ennis, Co Clare",V95 FN79,No,www.legalaidboard.ie,lawcentreennis@legalaidboard.ie,Phone: (066) 947 1000  LoCall: 0818 615 200; Clare (065) 682 1929,Information & Advice;Housing support;Community & Family;Legal Advice;International protection;,Multiple services,52.84106091,-8.978186916,N/A,,,,,,,,,,,,
282,Clare - Limerick and Clare Education and Training Board College of Further Education and Training,Limerick and Clare Education and Training Board College of Further Education and Training offers hundreds of full-time and part-time Further Education and Training learning pathways at our multi-campus College of Further Education and Training across Limerick and Clare and over 300 other locations in the community.,"English classes, finding work, qualification recognition, learning supports, employment supports, interview skills, CV preparation","College of Further Education & Training, Ennnis Campus, Clonroad Business Park, Ennis, County Clare, V95 KT95",V95 KT95,No,https://collegeoffet.ie/,coursechoices@lcetb.ie,1800 707077,"Education, Language Support",Education,52.844,-8.974,coursechoices@lcetb.ie ,,,,,,,,,,,,
17,Clare - Local Authority Integration Team ,"The Local Authority Integration Teams (LAITs) have been set up in all local authorities. Their purpose is to help coordinate the different kinds of support available for people who are applying for international protection, refugees, and others in similar situations.  The goal of LAITs is to help IP applicants and refugees become independent, settle into their new communities, and participate in Irish life. They do this by connecting people to important services that can help them integrate into the community.","Information and Advice, Community, Housing support, Employment and Training ","Áras Contae an Chláir,  New Road Ennis Co Clare ",V95 DXP2,No,https://clarecoco.ie/services/integration/,integration@clarecoco.ie,0873936019,Information & Advice;Community & Family;,Multiple services,52.852,-9.039,N/A,,,,,,,,,,,,
283,Clare - Sanctuary Runners,"We have groups nation wide. You can find the updated list at https://sanctuaryrunners.ie/groups/ . Sanctuary Runners uses running, jogging and walking to bring together everyone in the community. Our model allows people to get to know each other and have fun while getting some exercise, especially migrants and refugees new to the community! We operate under the principles of solidarity, friendship and respect.","Community, friendship, network, running, walking, jogging, exercise, mental health, wellbeing, parks",Ennis,None,No,https://sanctuaryrunners.ie/,info@sanctuaryrunners.ie,None,"Wellbeing & Mental Health, Community & Family",Multiple Services,52.847,-8.989,"Yes, each group welcomes people to 'just show up'. Times vary depending on the group",,,,,,,,,,,,
284,Clare - Sanctuary Runners,"We have groups nation wide. You can find the updated list at https://sanctuaryrunners.ie/groups/ . Sanctuary Runners uses running, jogging and walking to bring together everyone in the community. Our model allows people to get to know each other and have fun while getting some exercise, especially migrants and refugees new to the community! We operate under the principles of solidarity, friendship and respect.","Community, friendship, network, running, walking, jogging, exercise, mental health, wellbeing, parks",Ennis,None,No,https://sanctuaryrunners.ie/,info@sanctuaryrunners.ie,None,"Wellbeing & Mental Health, Community & Family",Multiple Services,52.847,-8.989,"Yes, each group welcomes people to 'just show up'. Times vary depending on the group",,,,,,,,,,,,
181,Cork - A.S.S.C. Accompaniment Support Services for Children,"A.S.S.C. support young people who are victims and witnesses to crime. A.S.S.C. provides  Forensic Accompaniment, Court Accompaniment and phone Support for the families of those affected. A.S.S.C. extends its onsite support to the families and carers of the young person called to give evidence in Criminal Court.","Child, Young Person, Minor, Victim of Crime, Witness to Crime, Witness to Domestic Abuse, Going to court as a witness, District Court, Circuit Court, Circuit Criminal Court. Sexual Assault Treatment Unit, Child and Adolescent Sexual Assault Treatment Service.  ","Dublin, Galway & Cork (Nationwide)",None - not a public office,No,www.assc.ie,support@assc.ie,0832030209 or 0879937392,"Information & Advice;Wellbeing & Mental Health;Onsite Court Accompaniments Nationwide for young witnesses/victims of crime and their families, Onsite Forensic Accompaniment in Sexual Assault Treatment Units in Cork, Dublin and Galway and Phone Support for Families;",Multiple services,51.89762371,-8.470042915,N/A,,,,,,,,,,,,
235,Cork - Ballincollig Family Resource Centre,"Ballincollig Family Resource Centre provides a welcoming and inclusive environment for all of the community in Ballincollig and surrounding areas. The Early Years Service including Preschool, Parent and Toddler The provision of a Family Support/IPAS and Counselling service. The Community Health and Referral Project (Linkwork service). Support groups, education and training opportunities. We also provide regular information talks/events and social meetings.","Support. Family, community, International Protection, information, ","Village Centre, Station Road, Ballincollig, Cork",P31AE86,No,https://ballincolligfrc.org,info@ballincolligfrc.org,0214876295,Information & Advice;Education;Wellbeing & Mental Health;Community & Family;,Community & Family,51.88775978,-8.592736432,N/A,,,,,,,,,,,,
238,Cork - Beara West Resource Centre,"We support individuals in the community with form filling, linking in with other services and Family Support.","Help with forms, accessing services locally and nationally","Main Street, Castletownbere, Cork. ",P75WN88,No,https://www.bearawest.ie/,ckelleher@bearawest.ie,,Information & Advice;Wellbeing & Mental Health;Community & Family;,Multiple services,51.65134023,-9.911140703,"Monday, Tuesday, Wednesday, Thursday, Friday: 9am-5pm",,,,,,,,,,,,
285,Cork - Cork City Local Authority Integration Team (LAIT),"Local Authority Integration Teams (LAITs) promote integration from day one by helping international protection applicants, refugees, and beneficiaries of temporary protection access essential services and supports.","Integration, Access, Welcoming, Supportive, Help, Inclusive, Empowering, Practical, Caring, Community, Guidance, Informative, Holistic, Compassionate",Cork City,None,No,https://www.localgov.ie/national-programmes/local-authority-integration-teams,integration@corkcity.ie,0861757448/0862007798,Information & Advice,Multiple Services,51.899,-8.476,N/A,,,,,,,,,,,,
286,Cork - Cork City Partnership,"Cork City Partnership is delivering the Social Inclusion and Community Activation Programme (SICAP) in Cork city providing targeted interventions to support integration of Ukrainian and New Communities. Job Supports, Education and Training, Personal Development Supports, Family Activities, Integration Events.","Job Supports, Education and Training, Personal Development Supports, Family Activities, Integration Events ","Heron House, Blackpool Retail Park, Blackpool, Cork ",T23 R50R,No,www.corkcitypartnership.ie,info@partnershipcork.ie,021 4302310,"Information & Advice, Employment & Training, Education, Language Support, Wellbeing & Mental Health, Community & Family",Multiple Services,51.916,-8.472,N/A,,,,,,,,,,,,
188,Cork - Cork College of FET Ballincollig Centre,We provide a range of Adult Education courses for the community.,"ESOL, English classes, literacy, education, help with forms","The Old Village Shopping Centre, (Above the Ballincollig Library) Station Road, Ballincollig, Cork",P31 YP25 (Library's Eircode),No,"We don't have one, only Instagram: @ccfetballincollig and Facebook: @CCFETBallincollig",deirdre.treacy@corketb.ie,0868805708,Education;Language Support;,Education,51.889,-8.592,"Monday, Tuesday, Wednesday, Thursday: 9am-4pm; Friday: 9am-1pm",,,,,,,,,,,,
190,Cork - Cork College of FET Knocknaheeny Centre,"We provide part-time, daytime education courses for adults over the age of 18 years. Our courses are fully funded to eligible adults. We have a wide range of courses on offer like English, Sewing, Upholstery, Art, Healthcare, Beauty, Hairdressing, IT and Personal Development. We have accredited and non-accredited options available.","English classes, Education, Courses, Training, Employment support, Guidance service","CCFET Knocknaheeny Centre, Harbour View Road, Knocknaheeny, Cork",T23PW60,No,www.Corketb.ie,kirsten.mocke@corketb.ie,0861074204,Education;Employment & Training;Language Support;,Education,51.905,-8.504,"Monday, Tuesday, Wednesday, Thursday, Friday: 9am - 3pm",,,,,,,,,,,,
198,Cork - Cork College of FET Write Together Churchfield,"Write Together is an adult basic education centre. We offer free classes to adults.  Subjects on offer include English for speakers of other languages, Adult Literacy, Computer Skills, using a smart phone/tablet, Dyslexia support skills and a variety of short courses","English classes, Adult Literacy, Help with Forms, Dyslexia","Education and Rights Resource Centre, 5 Churchfield Avenue, Churchfield, Cork.",T23FP49,No,www.fetchcourses.ie,writetogethercork@gmail.com,021 4307969,Information & Advice;Education;Language Support;,Education,51.909,-8.496,N/A,,,,,,,,,,,,
191,Cork - Cork College of Further Education and Training - Ballyphehane Centre,Offering a variety of accredited and unaccredited courses,None,"Lower Friars Walk, Ballyphehane",T12TH68,No,N/A,Brid.Ryder@Corketb.ie,None,Education;,Education,51.884,-8.478,"Monday, Tuesday, Wednesday, Thursday, Friday: 9am-4pm",,,,,,,,,,,,
189,"Cork - Cork College of Further Education and Training (CCFET), formerly Cork ETB","We offer further education from QQI Level 1 to QQI Level 4 across a range of subjects including ESOL, Cookery, Barista, History, Communications, Personal effectiveness, ART",Returning to education; English classes; Personal development,"CCFET, NCE Training and Education Campus, Redemption Road, Cork T23YW62 ",T23YW62 ,No,www.corketb.ie,brenda.oconnell@corketb.ie,086 0320557,Education;Language Support;,Education,51.913,-8.478,"Monday, Tuesday, Wednesday, Thursday, Friday: 8.30am-4.30pm",,,,,,,,,,,,
287,Cork - Cork County Council,"Local authority Integration Team, with Cork County Council. We provide ongoing integration supports, information, advice and guidance to individuals. Co-ordination- Linking individuals with mainstream and NGO services. Identify gaps in supports or services.","Local authority, Integration , Information, signposting, guidance and advice.","Cork County Council, County Hall, Cork City",T12 R2NC,No,corkcoco.ie,integration@corkcoco.ie,0214285800,Information & Advice,Multiple Services,51.893,-8.508,N/A,,,,,,,,,,,,
288,Cork - Cork Migrant Centre (CMC),"CMC is a psychosocial wellbeing & integration hub. It creates a safe space for migrant families, including, young people to build & enhance their capacities (physical, social, emotional, cognitive, cultural, knowledge and skills) by utilizing a strength-based approach which addresses their vulnerabilities & nurtures their resilience processes.","help with forms, English classes, visa information, activities for children and teenagers, anti-racism","Cork Migrant Centre, Nano Nagle Place, Evergreen Street, Cork, T12 XPX8.",T12 XPX8,No,https://corkmigrantcentre.ie/,cmc@nanonagleplace.ie,083 2081678,"Information & Advice, Language Support, Wellbeing & Mental Health, Community & Family, Youth Services, Public Awareness & Activsm",Multiple Services,51.893,-8.473,Yes. ,,,,,,,,,,,,
289,Cork - Cork Volunteer Centre,"Cork Volunteer Centre supports anyone who would like to get involved as a volunteer in their communities. You can meet with our team, or join one of our information sessions to learn more. ","Volunteering, Volunteer, Community, Support, Integration, Festivals, Events","13 North Main Street, Cork City",T12 Y6W0,No,www.volunteercork.ie,info@volunteercork.ie,021 425 1572,"Information & Advice, Community & Family",Information & Advice,51.901,-8.479,"Monday, Tuesday, Wednesday, Thursda, Friday: 9am-1pm, 2-4pm",,,,,,,,,,,,
166,Cork - Crawford Art Gallery,"Crawford Art Gallery’s Learn and Explore programmes include workshops, and long-term community and health-based partnership projects. We provide a space to feed the imagination and where creativity is valued. We welcome the opportunity to collaborate with people with diverse voices, abilities, and experiences.","Visual arts, workshops","Emmet place, Cork city",T12TNE6,No,www.crawfordartgallery.ie,Learnandexplore@crawfordartgallery.ie,N/A,Wellbeing & Mental Health;Community & Family;Culture & the Arts;Youth Services;,Culture & the Arts,51.901,-8.473,N/A,,,,,,,,,,,,
44,"Cork - EPIC, Empowering People in Care","EPIC works with children and young people in the care of the state, including unaccompanied minors. ","Advice and support, care placement, aftercare, information about my rights, Tusla, being in care.","EPIC Cork, Unit G1 & 2 Northside for Business Campus, Ballyvolane, Co. Cork T23 E6TT",T23 E6TT,No,www.epiconline.ie,info@epiconline.ie,01 872 7661 ,Information & Advice;Youth Services;Public Awareness & Activism;,Information & Advice,51.91629349,-8.462516414,N/A,,,,,,,,,,,,
154,Cork - Fáilte Isteach,"Fáilte Isteach is a conversational English language project involving predominantly older volunteer tutors welcoming migrants and refugees through free, accessible classes. It's a community-based project offering a welcoming space for all. We currently have 200 active locations across 26 counties in Ireland.","Conversational English Classes, Fáilte Isteach, Improve English Conversational Skills, Free English Classes",Office address is Summerhill in Meath but we have group locations across Ireland. All classes are listed here: https://www.thirdageireland.ie/failte-isteach/locations ,A83 PW94,No,https://www.thirdageireland.ie/failte-isteach,failteisteach@thirdageireland.ie,(046) 9557766,Language Support,Language Support,53.483,-6.74,"Available: All classes are available for drop in, although learners are encourage to attend regularly when possible., No time given",,,,,,,,,,,,
80,Cork - International Organization for Migration (IOM) - IBG Services,"The International Organization for Migration (IOM) is the UN agency that supports humane and orderly migration. It assists governments and migrants through services including resettlement, return assistance, emergency response, and integration support, while promoting international cooperation and protecting the rights and dignity of people on the move.","Support to Beneficiaries of Temporary Protection (ie. from Ukraine): Temporary Protection Applications, Withdrawals, Information provision","INTREO Hanover Street, Cork City, Ireland T12 PX62", T12 PX62,No,https://ireland.iom.int/,iomdublin@iom.int,1800 406 406,Information & Advice;,Information & Advice,51.8988005,-8.474483933,"Monday, Tuesday, Wednesday, Thursday, Friday: 10am-3pm.  Whenever possible, it's advisable to call ahead and schedule an appointment.",,,,,,,,,,,,
105,Cork - IRD Duhallow Clg,"IRD Duhallow is a local development company that offers a suite of supports including social inclusion supports, employment supports, volunteering opportunities and training/workshops.",employment supports; volunteering; wellbeing supports; integration,IRD Duhallow The James O'Keeffe Institute Newmarket Cork ,P51 C5YF,No,www.irdduhallow.com,duhallow@irdduhallow.com,029-60633,Information & Advice;Employment & Training;Education;Language Support;Housing support;Wellbeing & Mental Health;Community & Family;Culture & the Arts;,Multiple services,52.211,-8.994,Monday: 9-11am - every second week in Kanturk Town. ,,,,,,,,,,,,
290,Cork - KASI - Killarney Immigrant Support Centre,"KASI IS AN NGO WORKING IN MILLSTREET, CO. CORK, PROVIDING SUPPORT SERVICES TO ASYLUM SEEKERS AND REFUGEES IN DRISHANE DIRECT PROVISION CENTRE",None,"Millstreet, Co. Cork",P51 X768,No,kasi.ie,info@kasi2000.com,06406620705,"Information & Advice, Community & Family, Youth Services",Information & Advice,52.078,-9.048,Tuesdays and Wednesdays,,,,,,,,,,,,
237,Cork - Le Cheile FRC,"Family Resource Centre providing community supports including migrant support, parenting courses, counselling, literacy support, community health iniatives","Navigating new systems e.g. education, welfare, medical - making links in the community - help with forms - ","Mallow Community Campus, Fair St, Mallow, Co Cork ",P51F344,No,www.lecheilefrc.ie ,supportworker@lecheilefrc.ie ,0873627074,Information & Advice;Education;Wellbeing & Mental Health;Community & Family;Culture & the Arts;,Multiple services,52.14099564,-8.641265147,N/A,,,,,,,,,,,,
178,Cork - Legal Aid Board,"The Legal Aid Board is an independent, publicly funded organisation providing civil legal aid and advice, family mediation services, assisted decision-making services, International protection services, and much more. ","Legal Aid, Legal advice, family mediation, international protection, rights of cohabitants, guardianship, assisted decision making, traveller support, abhaile scheme","Law Centre Cork North, North Quay House, Popes Quay, Cork",T23 HV26,No,www.legalaidboard.ie,lawcentrecorknorth@legalaidboard.ie,Phone: (066) 947 1000  LoCall: 0818 615 200: Cork North 021-4529800,Information & Advice;Housing support;Community & Family;Legal Advice;International protection;,Multiple services,51.90173355,-8.475907499,N/A,,,,,,,,,,,,
178,Cork - Legal Aid Board,"The Legal Aid Board is an independent, publicly funded organisation providing civil legal aid and advice, family mediation services, assisted decision-making services, International protection services, and much more. ","Legal Aid, Legal advice, family mediation, international protection, rights of cohabitants, guardianship, assisted decision making, traveller support, abhaile scheme","Law Centre Cork South, 1B, 1st Floor, 6 Lapps Quay, Cork",T12 VY7W,No,www.legalaidboard.ie,corksouth@legalaidboard.ie,Phone: (066) 947 1000  LoCall: 0818 615 200; Cork South 021-4275998,Information & Advice;Housing support;Community & Family;Legal Advice;International protection;,Multiple services,51.89861451,-8.464744514,N/A,,,,,,,,,,,,
291,"Cork - Local Authority Integration Team, Cork City Council ","Supporting community integration, including access PPSN, education, employment, volunteering opportunities, and more. We support  International Protection Applicants, people with Refugee status, Subsidiary Protection, Permission to Remain, Programme Refugees, Beneficiaries of Temporary Protection. In-person & online appointments available.","Integration, education support, help with social welfare forms, English classes, help with forms, help accessing legal aid","Cork City Council, Anglesea Street, T12 T997",T12 T997,No,www.corkcity.ie,integration@corkcity.ie,None,"Information & Advice, Employment & Training, Education, Language Support, Community & Family, Youth Services",Multiple Services,51.897,-8.466,By appointment,,,,,,,,,,,,
292,Cork - Musical Neighbourhoods/The Kabin Studio,"We provide opportunities for people of all backgrounds to learn, play, and creative music.","Music education, community music, music technology,","The Kabin Studio, Harbour View Road, Knocknaheeny, Cork  T23 K237",T23 K237,No,https://www.thekabin.ie/,info@musicalneighbourhoods.ie,None,"Education, Wellbeing & Mental Health, Community & Family, Youth Services, We use music as a tool for social inclusion and overall wellbeing.",Multiple Services,51.916,-8.487,Yes,,,,,,,,,,,,
293,"Cork - Nasc, the Migrant and Refugee Rights Centre","Nasc is the Irish word for ‘link’. As well as our Free Legal Service, Nasc also runs integration projects including our Connect Migrant Youth project, our New Beginnings: Children & Families project, our Gateway Women's project, EU Passworld project, Ukraine Information and Outreach Service and Community Sponsorship project.",None,"34 Paul Street, Cork City",T12 W14H,No,https://nascireland.org/,reception@nascireland.org,021 427 3594,"Information & Advice, Community & Family, Youth Services, Legal Advice, Public Awareness & Activsm, Linking migrants and refugees with opportunities for education, training, accommodation, community and employment.",Multiple Services,51.899,-8.475,N/A,,,,,,,,,,,,
294,Cork - Places of Sanctuary/Schools of Sanctuary,"We aim to build a culture of welcome, inclusion and understanding for all refugees and asylum seekers coming to Ireland. We help create spaces where refugees and other newcomers can meet and build understanding with locals, through Schools, Universities and other Places of Sanctuary.","Welcoming refugees in schools, Universities, churches, libraries and communities",Cork,None,No,https://schools-ireland.cityofsanctuary.org/,schools@ireland.cityofsanctuary.org,None,"Employment & Training, Education, Language Support, Community & Family, Public Awareness & Activsm, Empowering and linking refugees and host communities",Education,51.899,-8.476,N/A,,,,,,,,,,,,
47,Cork - Sailing Into Wellness,"Sailing Into Wellness work with community-based organisations to deliver Therapeutic Sailing Programmes, across Ireland. Using the unique setting of the sea, an adventure therapy model is integrated with a mix of experiential, person-centred and strengths-based approaches to support and empower individuals to use their own life experiences as a platform for growth.","Sail Therapy, Health & Wellbeing support, lifeskills, development of coping mechanisms, sailing certification (pathway to employment within the maritime sector)","Kinsale, Co Cork",None,No,https://www.sailingintowellness.ie,hello@sailingintowellness.ie,0834429629,Wellbeing & Mental Health;Education;,Wellbeing & Mental Health,51.706,-8.547,N/A,,,,,,,,,,,,
295,Cork - Sanctuary Runners,"We have groups nation wide. You can find the updated list at https://sanctuaryrunners.ie/groups/  . Sanctuary Runners uses running, jogging and walking to bring together everyone in the community. Our model allows people to get to know each other and have fun while getting some exercise, especially migrants and refugees new to the community! We operate under the principles of solidarity, friendship and respect. ","Community, friendship, network, running, walking, jogging, exercise, mental health, wellbeing, parks",Cork,None,No,https://sanctuaryrunners.ie/,cork@sanctuaryrunners.ie,None,"Wellbeing & Mental Health, Community & Family",Multiple Services,51.899,-8.476,"Yes, each group welcomes people to 'just show up'. Times vary depending on the group",,,,,,,,,,,,
,Cork - SECAD Partnership CLG,"SECAD works with individuals, community and voluntary groups, business, academia and other stakeholders to create a more vibrant, sustainable and inclusive society. SECAD manages a wide range of funds and services including social investment and employment support programmes, implemented on behalf of various Government Departments, State Bodies, the European Commission and the private sector. ","CV preparation, finding work, skills training, English language conversation clubs, wellbeing supports","SECAD Partnership CLG Midleton Community Enterprise Centre Owennacurra Business Park Knockgriffin, Midleton Co. Cork",P25Y893,No,www.secad.ie,info@secad.ie,021 4613432,Employment & Training;Language Support;Wellbeing & Mental Health;Community & Family;Environment;Education;Information & Advice;,Employment & Training,51.91913727,-8.186430947,N/A,,,,,,,,,,,,
232,Cork - The Caha Centre,"The Caha Centre is a family resource centre, supporting individuals and families across the catchment area.  Our vision is that all children, families, individuals and communities will actively participate and be included in a society that is equitable, inclusive and non-discriminatory and which will ensure their optimal well-being","Migrant support worker; Help with forms, housing support including ARP, support with schools/school busses/childcare; language support; integration through sport","The Caha Centre, Drumlave, Adrigole, Beara P75EK72",P75EK72,No,The Caha Centre,cahacentresuam@gmail.com,0831590470,Health Services;Information & Advice;Employment & Training;Education;Language Support;Housing support;Wellbeing & Mental Health;Community & Family;Youth Services;,Community & Family,51.68494551,-9.713144687,"Monday, Thursday, Friday: 10am-5pm",,,,Yes,Tuosist V93RK33; ,,,,,,,
232,Cork - The Caha Centre,"The Caha Centre is a family resource centre, supporting individuals and families across the catchment area.  Our vision is that all children, families, individuals and communities will actively participate and be included in a society that is equitable, inclusive and non-discriminatory and which will ensure their optimal well-being","Migrant support worker; Help with forms, housing support including ARP, support with schools/school busses/childcare; language support; integration through sport",ARDGROOM,P75WR20,No,The Caha Centre,cahacentresuam@gmail.com,0831590470,Health Services;Information & Advice;Employment & Training;Education;Language Support;Housing support;Wellbeing & Mental Health;Community & Family;Youth Services;,Community & Family,51.73459539,-9.897834776,"Monday, Thursday, Friday: 10am-5pm",,,,,,,,,,,,
300,Cork - Together-Razem Centre,"Together-Razem is a migrant led organization which provides support services to the Eastern European migrants and refugees in Ireland. Our mission is to promote integration and equality, reduce marginalization, and to improve the quality of life of the Eastern European migrants.","Mental Health, English Classes, information advice, services for older people, ","Together Razem main HQ Unit 2A, Kilnap Business Park, Old Mallow Rd, Cork,",T23 V9K3,No,http://together-razem.org/en/,info@together-razem.org,021 439 55 88,"Health Services, Information & Advice, Employment & Training, Language Support, Wellbeing & Mental Health, Community & Family, Public Awareness & Activsm",Multiple Services,51.92,-8.477,N/A,,,,,,,,,,,,
24,Cork - West Cork Development Partnership,Social Inclusion and community integration,"Integration, Language, Employment, Training and Information","Credit Union Building, Kent Street, Clonakilty",P85CD93,No,www.wcdp.ie,donna@wcdp.ie,0871963460,Information & Advice;Employment & Training;Language Support;Wellbeing & Mental Health;Culture & the Arts;Public Awareness & Activism;,Multiple services,51.622,-8.911,N/A,,,,,,,,,,,,
24,Cork - West Cork Development Partnership,Social Inclusion and community integration,"Integration, Language, Employment, Training and Information","Warner Centre, Bantry, Co.Cork",P75W624,No,www.wcdp.ie,donna@wcdp.ie,0871963460,Information & Advice;Employment & Training;Language Support;Wellbeing & Mental Health;Culture & the Arts;Public Awareness & Activism;,Multiple services,51.68116535,-9.450318184,N/A,,,,,,,,,,,,
183,Derry - Causeway Multi-cultural Forum,"Causeway Multi-cultural Forum is committed to promoting inclusion by supporting ethnic minorities and citizens new to the Causeway area. The events we organize aim to bring people together and encourage good relations in and across communities, by offering creative and fun activities in an informal and safe environment. ",promoting integration through social connections," 14 Artillery Road,. Coleraine, Co. Derry/Londonderry.",BT52 1QJ.,No,https://www.facebook.com/causewaymultiforum,causewaymcf2019@gmail.com,N/A,Information & Advice;Wellbeing & Mental Health;Community & Family;Culture & the Arts;Public Awareness & Activism;,Multiple services,55.138,-6.67,N/A,,,,,,,,,,,,
95,Derry - Community Advice Causeway ,"Free, independent, impartial, confidential advice on a wide range of issues including Benefits, Debt, Immigration, Housing, Employment, Education, Legal and Courts, Consumer, Family and Relationships",Advice; Benefits; Immigration; Housing; Help with forms,"2nd Floor, 1-5 Brook Street, Coleraine ",BT52 1QT,No,Advicecauseway,advice@advicecauseway.com,02870344817,Information & Advice;,Information & Advice,55.134,-6.672,N/A,,,,,,,,,,,,
21,Derry - GLENSHANE COMMUNITY DEVELOPMENT LIMITED,"Glenshane Community Development is a charity based in the North-West that revitalises local spaces, supports community wellbeing and supports enterprise. It offers migrant integration, helping newcomers access services and social connections - alongside business development, environmental & cross community/good relations initiatives, all aimed at strengthening our inclusive, resilient community.","Community Support, Advice Service, Workspace, Business Advice, Migrant Support, Educational Classes, Enterprise Hub, Wellbeing Services, Environmental Projects, Social inclusion.","Glenshane House, 112-114 Main Street, Dungiven ",BT47 4LG,No,https://www.facebook.com/GlenshaneCommunityDevelopmentLimited,mary.brolly@btconnect.com,+44 (0) 28 777 42494,Information & Advice;Employment & Training;Education;Wellbeing & Mental Health;Community & Family;Public Awareness & Activism;Culture & the Arts;Environment;Economic Development;,Multiple services,54.927,-6.927,N/A,,,,,,,,,,,,
117,Derry - Greater Shantallow Community Arts/ Studio2 Derry,Greater Shantallow Community Arts are a Community Arts charity based at Studio 2 Youth & Community Arts Centre Derry and we provide direct access to the Arts in the heart of deprived communities supporting the creative and cultural expression of all our service users within our Creative Shared Space that nurtures and supports Cultural Diversity and Good Relations through engagement in the Arts at all levels using all Art forms.,Arts Culture Youth Engagement ,"Studio 2 Youth & Community Arts Centre, Units 2-3 Foyle Business Park, 4 Beraghmore Road, Skeoge Industrial Estate, Derry City, ",BT48 8SE,No,www.studio2derry.com,Info@gscaderry.com,02871358750,Education;Wellbeing & Mental Health;Community & Family;Youth Services;Culture & the Arts;,Culture & the Arts,55.038,-7.325,"Monday, Tuesday, Wednesday, Thursday, Friday: 9am-9pm; Saturday: 9am- 2pm ",,,,,,,,,,,,
96,Derry - Muslim Association of Coleraine ,"Place of worship , social interaction, support and help ","Place of worship , pastoral support , funeral service fir Muslims ,  support and guidance ","No 1 Gateside Business Park , Gateside Road, Coleraine ",BT52 2RE,No,None,Causewaymuslims@outlook.com,Prefer not to ,Community & Family;,Multiple services,55.151,-6.658,Friday: 12:30-1:30pm ,,,,,,,,,,,,
301,Derry - North West Migrants Forum,"The North West Migrants Forum is a community-based organisation dedicated to supporting, empowering, and integrating migrants into local communities. We provide a range of services including assistance with asylum applications, advocacy, education, health services, and legal support, all aimed at promoting social inclusion and community cohesion.","Asylum support, migrant services, integration assistance, community support, legal aid, housing assistance, education support, health services, social inclusion, community cohesion, refugee support, immigration help, welfare support, cultural integration, language assistance.","3rd Floor, Northern Counties Building,  Waterloo Place, Derry",BT48 6BU,No,nwmf.org.uk,info@nwmf.org.uk,02871362184,"Information & Advice, Wellbeing & Mental Health, Community & Family, Youth Services, Legal Advice, Public Awareness & Activsm, Advocacy, community integration and support, capacity building programmes.",Multiple Services,54.998,-7.321,9:30am - 5pm ,,,,,,,,,,,,
302,Derry - North West Migrants Forum,"The North West Migrants Forum is a community-based organisation dedicated to supporting, empowering, and integrating migrants into local communities. We provide a range of services including assistance with asylum applications, advocacy, education, health services, and legal support, all aimed at promoting social inclusion and community cohesion.","Information, advice, signposting, support","3rd Floor, Northern Counties Building,  Waterloo Place, Derry",BT48 6BU,No,nwmf.org.uk,info@nwmf.org.uk,02871362184,"Information & Advice, Wellbeing & Mental Health, Community & Family, Youth Services, Legal Advice, Public Awareness & Activsm, Advocacy, community integration and support, capacity building programmes.",Multiple Services,54.998,-7.321,9:30am - 5pm ,,,,,,,,,,,,
142,Derry - Sole Purpose Productions,"We provide workshops in singing and theatre to build confidence, connections and self esteem for refugees and migrants. Participants can share songs and stories from their home land. The workshops help with integration and improving English. ","Meeting people, improving English, sharing songs, involvement in the arts, building confidence and connection, combating loneliness, improving mental health.","C/O The Playhouse, Artillery Street, Derry BT48 6RG",BT48 6RG,No,www.solepurpose.org,solepurpose@mac.com,0044 (0) 28 7127 9918,Language Support;Wellbeing & Mental Health;Community & Family;Culture & the Arts;,Culture & the Arts,54.994,-7.324,N/A,,,,,,,,,,,,
19,Derry - The Rainbow Project Ltd,"Since 1994, the Rainbow Project has been working for a better Northern Ireland for LGBTQIA+ people and their families. We change lives through our service provision which mitigates the impact of discrimination, and we change society through our training, campaigning and policy work, which seeks to eliminate the root causes of that discrimination and deliver full social and legal equality for LGBTQIA+ people. ","LGBTQIA+, LGBT, Gay, Lesbian, Bisexual, Transgender","Foyle Office, Waterloo House, Magazine Street, Londonderry, BT48 6HH",BT48 6HH,No,www.rainbow-project.org,info@rainbow-project.org,02871283030,Health Services;Information & Advice;Wellbeing & Mental Health;Community & Family;Youth Services;Public Awareness & Activism;,Wellbeing & Mental Health,"54.997405675849556, ",-7.321112362,N/A,,,,,,,,,,,,
124,Donegal - Cara House Family Resource Centre,"A socially inclusive family resource centre in Letterkenny. We offer support to individuals, helping individuals develop new skills and improve their quality of life, as well as that of their community.","English speaking classes, parent and toddler group, help with forms, printing documents, workshops, Women's Shed, Men's groups, Carers Support, Active Age Service and a befriending service.","Pearse Road, Letterkenny, Co. Donegal, F92 YA2",F92 YA2,No,www.carahouse.ie,Communitydev@carahouse.ie,087 148 1422,Information & Advice;Language Support;Community & Family;,Community & Family,54.951,-7.739,"Monday, Tuesday, Wednesday, Thursday, Friday: 10am-2pm",,,,,,,,,,,,
303,Donegal - Donegal Intercultural Platform,"Supports to International Protection Applicants, Migrant women, Refugee supports, English conversation classes, training and education projects, support for BME organisations, Migrant Youth Work","Visa help, Finding work, English classes, help with forms, social welfare assistance, leadership training, volunteering opportunities,","18/19 Academy Court, Oliver Plunkett Road, Letterkenny, Donegal, F92 D684",F92 D684,No,https://interculturaldonegal.org/,donegalip@gmail.com,0860841433 / 0749116075,"Information & Advice, Employment & Training, Language Support, Housing Support, Community & Family, Youth Services, Public Awareness & Activsm",Multiple Services,54.948,-7.737,"Yes. Tues, Weds, Thurs. 2-4pm.",,,,,,,,,,,,
22,Donegal - Donegal Sexual Abuse & Rape Crisis Centre,We provide FREE counselling & advocacy support services to anyone affected by sexual violence and their supporters in a safe and confidential environment. We provide services to the north west of Ireland to anyone who is 12 + years of age,"Individual Counselling, Outreach Counselling Services, Helpline Support, Support through criminal proceedings, Training, Advocacy, Court Accompaniment, Garda Accompaniment, SATU Accompaniment and support, SATU Volunteer training, Multi agency partnership, Supporter Assistance, SATU Volunteer Training.","2A, Grand Central, Canal Road, Letterkenny, Co. Donegal F92PN40",F92PN40,No,https://donegalrapecrisis.ie/index.html,info@donegalrapecrisis.ie,0749128211,Health Services;Information & Advice;Education;Wellbeing & Mental Health;Community & Family;Youth Services;,Wellbeing & Mental Health,54.95,-7.742,N/A,,,,,,,,,,,,
154,Donegal - Fáilte Isteach,"Fáilte Isteach is a conversational English language project involving predominantly older volunteer tutors welcoming migrants and refugees through free, accessible classes. It's a community-based project offering a welcoming space for all. We currently have 200 active locations across 26 counties in Ireland.","Conversational English Classes, Fáilte Isteach, Improve English Conversational Skills, Free English Classes",Office address is Summerhill in Meath but we have group locations across Ireland. All classes are listed here: https://www.thirdageireland.ie/failte-isteach/locations ,A83 PW94,No,https://www.thirdageireland.ie/failte-isteach,failteisteach@thirdageireland.ie,(046) 9557766,Language Support,Language Support,53.483,-6.74,"Available: All classes are available for drop in, although learners are encourage to attend regularly when possible., No time given",,,,,,,,,,,,
67,Donegal - Finn Valley Family Resource Centre,"Finn Valley FRC offers a community space that is committed to providing individuals and families with a range of activities that will support and nurture family and community life in the Ballybofey/Stranorlar area.  Services offered include; Family Support, Household Management, Meitheal, Gambling Therapy, Parenting Programmes, Counselling Services and Adult Education Classes. ","Parenting Support, Information, Help with Forms, Signposting.","Ceoil na Coille. Drumboe Avenue, Stranorlar. County Donegal ",F93 ET28,No,DPFSS.ie,admin@dpfss.ie,0749131245,Information & Advice;Education;Wellbeing & Mental Health;Community & Family;Family Support;,Family Support,54.805,-7.777,"Monday, Tuesday, Wednesday, Thursday: 9am-5pm; Friday: 9-11am",,,,,,,,,,,,
228,Donegal - Finn Valley FRC,"We provide a range of supports to parents, families & community that nurture family and community life. ","Help with forms, Support & guidance, Parenting","Finn Valley FRC, Ceoil na Coille, Drumboe Avenue, Stranorlar County Donegal ",F93 ET28,No,dpfss.ie,sally.mooney@dpfss.ie,0749131245,Information & Advice;Community & Family;,Community & Family,54.805,-7.777,"Monday, Tuesday, Wednesday, Thursday: 9am-4pm",,,,,,,,,,,,
205,Donegal - Inishowen Development Partnership ,Inishowen Development Partnership is a community led local development company delivering supports in business & enterprise; community & network; defective concrete blocks; employment; environment & climate action; health & wellbeing; rural development; and education & training.,"business, enterprise, community and network, defective concrete blocks, employment, finding work, environment and climate action, health and wellbeing, rural development, and education, training, English classes, international protection applicant support, signposting, migrant support, refugee supports ","12 Upper Main Street, Buncrana, Inishowen, Co. Donegal ",F93 EE39,No,https://inishowen.ie/,enquiries@inishowen.ie,074 93 62218,Information & Advice;Education;Employment & Training;Language Support;Wellbeing & Mental Health;Community & Family;Culture & the Arts;Environment;Youth Services;Public Awareness & Activism;Health Services;,Multiple services,55.136,-7.454,Thursday: 2pm to 4pm - for employment support services,,,,,,,,,,,,
205,Donegal - Inishowen Development Partnership ,Inishowen Development Partnership is a community led local development company delivering supports in business & enterprise; community & network; defective concrete blocks; employment; environment & climate action; health & wellbeing; rural development; and education & training.,"business, enterprise, community and network, defective concrete blocks, employment, finding work, environment and climate action, health and wellbeing, rural development, and education, training, English classes, international protection applicant support, signposting, migrant support, refugee supports ","Pound Street Business Park, Carndonagh, Inishowen, Co Donegal F93 TCX2",F93 TCX2,No,https://inishowen.ie/,enquiries@inishowen.ie,074 93 62218,Information & Advice;Education;Employment & Training;Language Support;Wellbeing & Mental Health;Community & Family;Culture & the Arts;Environment;Youth Services;Public Awareness & Activism;Health Services;,Multiple services,55.25100082,-7.256034593,Thursday: 2pm to 4pm - for employment support services,,,,,,,,,,,,
58,Donegal - Insight Inishowen,"We are a mental health charity offering a counselling service, suicide prevention training and trauma care including art therapy, mindfulness, wellbeing workshops and more.","Counselling, therapy, mindfulness, mental health support, trauma debriefing, listening ear, grief counselling.","The Exchange, Castle Avenue, Buncrana, Co Donegal",F93 FE09,No,www.insightinishowen.ie,insightinishowen@gmail.com,0872464777,Wellbeing & Mental Health;,Wellbeing & Mental Health,55.137,-7.48,N/A,,,,,,,,,,,,
65,Donegal - LAIT (Local Authority Integration Team) Donegal,"LAITs promote integration from day one by helping international protection applicants, refugees, beneficiaries of temporary protection access essential services& supports. Through service mapping, clinics, tailored coordination, LAITs ensure individuals& families can fully engage with their communities and thrive in their new environment.","Integration
Support","County House, Lifford, Co Donegal",F93 Y622,No,https://www.donegalcoco.ie/en/services/community/refugee-response/integration/,integration@donegalcoco.ie ,074 9153900,Information & Advice;,Multiple services,54.834,-7.482,N/A,,,,,,,,,,,,
178,Donegal - Legal Aid Board,"The Legal Aid Board is an independent, publicly funded organisation providing civil legal aid and advice, family mediation services, assisted decision-making services, International protection services, and much more. ","Legal Aid, Legal advice, family mediation, international protection, rights of cohabitants, guardianship, assisted decision making, traveller support, abhaile scheme","Letterkenny Law and Family Mediation Centre, 3rd Floor, Forte Lynne House, Neil T Blaney Road, Letterkenny, Co Donegal",F92 XFP7,No,www.legalaidboard.ie,LLC@legalaidboard.ie,Phone: (066) 947 1000  LoCall: 0818 615 200; Donegal (074)9126177 ,Information & Advice;Housing support;Community & Family;Legal Advice;International protection;,Multiple services,54.94795791,-7.731059164,N/A,,,,,,,,,,,,
82,Donegal - Sanctuary Runners Donegal,"Sanctuary Runners uses running, jogging and walking to bring together everyone in the community. Our model allows people to get to know each other and have fun while getting some exercise, especially migrants and refugees new to the community! We operate under the principles of solidarity, friendship and respect. ","Community, friendship, network, running, walking, jogging, exercise, mental health, wellbeing, parks",We have groups nation wide. You can find the updated list at https://sanctuaryrunners.ie/groups/,None. We have no main office and the question above isn't very relevant either!,No,www.sanctauryrunners.ie,info@sanctuaryrunners.ie,None,"Wellbeing & Mental Health, Community & Family",Multiple Services,53.633,-8.24,"Available: No days given, No time given",,,,,,,,,,,,
56,Donegal - The Exchange Inishowen CLG,"We are a voluntary run community centre that has been supporting refugees and asylum seekers since 2019. We provide English classes, A volunteer programme and a range of supports, help and advice on immigration, etc. Our sister organisation Insight Inishowen provides counselling and trauma support.","English classes, finding work, volunteering in the community, help with forms, advice on immigration, advice on asylum appeals, scanning and photocoping, mental health supports, counselling, CV creation, practical training e.g. food hygiene, etc.","The Exchange, Castle Avenue, Buncrana, Co Donegal",F93 FE09,No,www.exchangeinishowen.ie,info@exchangeinishowen.ie,0877955401,Information & Advice;Employment & Training;Education;Language Support;Wellbeing & Mental Health;Community & Family;Legal Advice;Public Awareness & Activism;Culture & the Arts;,Multiple services,55.137,-7.48,"Monday, Wednesday, Friday: 11am-1pm",,,,,,,,,,,,
66,Down - Connecting Minds Project ,"Connecting Minds Project is a peacebuilding and mental health organisation using arts, storytelling, and mindfulness to support refugees, asylum seekers, and local communities. We deliver trauma-informed, culturally sensitive workshops that foster inclusion, wellbeing, and shared education across schools, community groups, and youth programmes in Northern Ireland and Miami.","Mental health support, mindfulness, arts workshops, storytelling, cross-community, refugee support, youth programmes, trauma-informed, peacebuilding, cultural exchange, education, integration, shared education, identity workshops, wellbeing activities, meditation, creative expression, community building",NO,BT32,No,www.comnectingmindsproject.org,Info@connectingmindsproject.org,447774508363,Information & Advice;Employment & Training;Education;Language Support;Wellbeing & Mental Health;Community & Family;Youth Services;Public Awareness & Activism;Culture & the Arts;Environment;Holistic Heath - Mindfulness and Trauma informed Practices;,Multiple services,54.352,-6.324,N/A,,,,,,,,,,,,
11,Down - Life Change Changes Lives,"Life Change Changes Lives (LCCL) supports individuals affected by mental ill health, trauma, addiction, social isolation, and suicide through free BACP counselling, creative therapy, advice, daily lunch, and social connection. We are inclusive of migrants, refugees, and people seeking asylum and welcome self-referrals.","mental health, counselling, therapy, trauma support, creative therapy, suicide prevention, addiction support, housing help, emotional wellbeing, food support, social connection, self-referral, community support, advice services, community integration","41 Market Street, Downpatrick, County Down, N Ireland",BT30 6LP,No,www.lifechangechangeslives.com,lifechangechangeslives@gmail.com,02844616166,"Information & Advice;Housing support;Wellbeing & Mental Health;Community & Family;Environment;Emergency & Homelessness Support (e.g. food, shelter, day services);",Wellbeing & Mental Health,54.328,-5.72,"Tuesday, Wednesday, Thursday, Friday, Saturday: 10am-2pm",,,,,,,,,,,,
57,Down - The Link Family and Community Centre,"We provide English classes for speakers of other languages. Beginner, intermediate and one to one options are available.  We also provide tuition in 'English for Driving' and The Life in the UK requirement.",English classes for speakers of other languages,"10 West Street, Newtownards. County Down. Northern Ireland",BT23 4EN,No,www.thelinkcentre.org,elizabeth@thelinkcentre.org,02891  821124,Language Support;Education;,Language Support,54.594,-5.703,Monday: 9am-12pm (term time); Tuesday: 9am-3.30pm (term time),,,,,,,,,,,,
59,Down - The Warehouse Newtownards,"We are a non-profit charity/community hub feeding and helping around 700 people \family per week. Providing drop ins, breakfasts, lunches, frozen meals, support, and signposting. Our client’s range in age, gender, ability, and ethnic background. we offer support services for people facing a crisis, poverty, loneliness, isolation, and mental health issues. We are located in a central town location, near a direct bus route, shopping centre, and within walking distance to most local housing developments, ","Free food provision, signposting, community connection ","45-47 South Street, Newtownards, BT23 4JT",BT23 4JT,No,https://thewarehousenewtownards.com/,megan.weimann@thewarehousenewtownards.com,07872342045,Information & Advice;Employment & Training;Wellbeing & Mental Health;Community & Family;Culture & the Arts;Community Food Hub ;,Multiple services,54.592,-5.699,"Tuesday, Wednesday, Thursday: 8.30am-2pm; Friday: 8.30am-1pm ",,,,,,,,,,,,
181,Dublin - A.S.S.C. Accompaniment Support Services for Children,"A.S.S.C. support young people who are victims and witnesses to crime. A.S.S.C. provides  Forensic Accompaniment, Court Accompaniment and phone Support for the families of those affected. A.S.S.C. extends its onsite support to the families and carers of the young person called to give evidence in Criminal Court.","Child, Young Person, Minor, Victim of Crime, Witness to Crime, Witness to Domestic Abuse, Going to court as a witness, District Court, Circuit Court, Circuit Criminal Court. Sexual Assault Treatment Unit, Child and Adolescent Sexual Assault Treatment Service.  ","Dublin, Galway & Cork (Nationwide)",None - not a public office,No,www.assc.ie,support@assc.ie,0832030209 or 0879937392,"Information & Advice;Wellbeing & Mental Health;Onsite Court Accompaniments Nationwide for young witnesses/victims of crime and their families, Onsite Forensic Accompaniment in Sexual Assault Treatment Units in Cork, Dublin and Galway and Phone Support for Families;",Multiple services,53.34720261,-6.292756737,N/A,,,,,,,,,,,,
53,Dublin - ACET Ireland,"ACET Ireland has been responding to issues of HIV, addiction and migrant health for over 30 years. Our projects do not run from a distinct building but in community settings such as kitchen tables, cafes, faith communities and anywhere else. ","Health supports, cultural-code translators, linking to faith-based communities. Support for people loving with HIV. Anti-racism training.","50 Lower Gardiner Street, Dublin 1",D01VC03,No,www.acet.ie,dublin@acet.ie,018787700,Health Services;Information & Advice;Wellbeing & Mental Health;Community & Family;Faith-based;Education;,Multiple services,53.35,-6.275,N/A,,,,,,,,,,,,
304,Dublin - Adult Education Service Blanchardstown DDLETB,"We offer educational courses from community to unecredited, QQI 2,3,4 and 5 to adults from Dublin 15 area.  ","English Classes, Guidance and Information, Healthcare, Childcare, Office Administration, IT skills, Literacy and Numeracy","Main Street, Dublin 15",D15T3KT,No,https://www.adulteducationblanchardstown.ie/,baes@ddletbaes.ie,01/8200952,"Information & Advice, Education, Language Support, Community & Family",Education,53.386,-6.375,Yes,,,,,,,,,,,,
157,Dublin - Africa Solidarity Centre Ireland (ASCI),"The Africa Solidarity Centre Ireland acts as a national umbrella body for African diaspora organisations, working on structural anti-racism, inclusion, and EU policy development. We also provide a wide range of services and programmes to support Asylum Seekers, Refugees, African and migrant communities, promoting positive mental health, wellbeing, inclusion, advocacy, leadership, and intercultural exchange.","We provide a range of services, mentorship, Employment support, CV tailoring, and programmes to support African and migrant communities, promoting inclusion, advocacy, leadership, and intercultural exchange through events, dialogue, and peer-led activities, as well as celebratory events featuring lectures, music, exhibitions, and dialogue.
We also promote the International Decade for People of African Descent, offer culturally sensitive advisory services and referrals, facilitate meaningful inclusion of African people in Irish social, political, and economic life, while also fostering stronger intercultural understanding and global solidarity","85/86 Amiens Street, Dublin 1 - D01X5H0",D01X5H0,No,https://africacentre.ie/,programmes@africacentre.ie / info@africacentre.ie,(+353) 1 86 569 51 or +353 87 248 0112,Information & Advice;Employment & Training;Education;Language Support;Wellbeing & Mental Health;Community & Family;Youth Services;Public Awareness & Activism;Culture & the Arts;,Multiple services,53.355,-6.247,"Tuesday, Thursday, Friday: 9.30am-3pm",,,,,,,,,,,,
102,Dublin - AkiDwA (A Network of Migrant Women),"Established in 2001, Akina Dada wa Africa-AkiDwA (Swahili for sisterhood) is a national network of migrant women living in Ireland.  The organisation promotes the equality of migrant women in Irish society, free of gender and racial stereotyping and applies a holistic approach to integration, promoting a migrant and gender-specific approach to public services, as well as encouraging migrant women’s access to mainstream services and initiatives. AkiDwA employs several strategies to achieve its objectives, outreach, networking, research, policy work and capacity building. AkiDwA focuses on Key thematic Areas: DSGBV, Health & Integration","Advise of FGM victim support, Conversational English Classes, Women Health, DSGBV, Employment support, mother & baby club, peer support, recreational/cultural activities"," Unit 2 Killarney Court, Buckingham Street, Dublin 1",DO1X9X8,No,www.akidwa.ie,projectcoordinator@akidwa.ie,0833560080,Information & Advice;Employment & Training;Language Support;Community & Family;Public Awareness & Activism;Culture & the Arts;Female Genital Mutilation(FGM);Health Services;,Multiple services,53.355,-6.25,N/A,,,,,,,,,,,,
37,Dublin - Amal Women Ireland,"A Muslim women-led organization providing essential support to Muslim women and those connected to the Muslim community across Ireland, addressing barriers to accessing vital services in times of crisis.","Domestic violence, women support, court support, English classes, coffee morning, translation, help with forms, art activity, community development, anti racism.","163 South Circular Road, Dublin 8, Co. Dublin",D08 F642,No,www.amalwomenirl.com,help@amalwomenirl.com,"Arabic:  +353 899 4626 89, +353 874 677 638; English/Urdu/Hindi: +353 89 981 8044, +353 89 978 4017","Information & Advice;Language Support;Wellbeing & Mental Health;Community & Family;Youth Services;Legal Advice;Public Awareness & Activism;Culture & the Arts;Court accompaniment, career guidance clinic;Employment & Training;",Multiple services,53.331,-6.302,"Monday, Tuesday, Wednesday, Thursday: 10am-2:30pm",,,,,,,,,,,,
106,Dublin - An Cosán,"An Cosán is a registered charity and is keenly focused on upholding our commitment to ending poverty through the transformative power of education. An Cosán was established with the belief that education could be instrumental in bringing about a transformation in society, including tackling poverty. ","Adult Community Education - ESOL, Access Education, Further Education, Higher Education; Early Years Education & Care, Afterschool Care, Counselling, Family Support Service","An Cosán, Kiltalown Village Centre, Jobstown, Tallaght, ",D24 R3PN,No,www.ancosan.ie,info@ancosan.ie,014628488,Education;Employment & Training;Information & Advice;Community & Family;Public Awareness & Activism;Language Support;Wellbeing & Mental Health;,"Adult Community Education, Early Years Education, Counselling & Family Support ",53.28,-6.402,"Monday, Tuesday, Wednesday, Thursday, Friday: 9am-5pm",,,,,,,,,,,,
308,Dublin - Arab Irish Intercultural Centre ,"The AIIC believes in integration through culture and Arts. We bridge between the Arab communities and the Irish through cultural and educational  activities. We provide information to Arab communities about Irish Life, we help with Interpreting and Translation. We also provide citizenship guidance and assistance. ","Arab, culture, citizenship ","12 Parliament St, Dublin 2",D2 ,No,Arabirish.ie ,info@arabirish.ie,0858679070,"Information & Advice, Language Support, Community & Family, Citizenship ",Multiple Services,53.345,-6.267,N/A,,,,,,,,,,,,
309,Dublin - Balbriggan Integration Forum,Community group supporting integration in Balbriggan ,None,"Cairde Centre, 16 Hampton Street, Balbriggan, Co Dublin ",K32PK40,No,https://balbrigganintegration.ie/,balbrigganif@gmail.com,Please email ,Community & Family,Community & Family,53.607,-6.179,N/A,,,,,,,,,,,,
310,Dublin - Baldoyle Community Hall,FREE English Classes for beginners.  Every Friday morning 10.30am t0 11.30am,"Community Centre, English Classes, Room rental","Baldoyle Community Hall, Main Street, Baldoyle, D13 KK55",D13KK55,No,www.baldoyleforum.ie,info.baldoyleforum@gmail.com,01 8395338,"Education, Language Support, Community & Family, Public Awareness & Activsm",Multiple Services,53.4,-6.128,Fridays 10.30-11.30am,,,,,,,,,,,,
33,Dublin - Baldoyle Family Resource Service CLG,"Baldoyle Family Resource Services CLG. serves the communities of Baldoyle and surrounding areas.   The aim of the organisation is to empower local people in the building of a viable and supportive community; to enable families to develop their own talents by education and training; to support communities through services which enhance the local development and well-being of the community and to work with local community groups and other agencies on issues and projects of common interest.  Baldoyle Family Resource Services CLG is funded by TUSLA , Dublin North East Drugs Task Force and supported by various funding streams in Fingal County Council and other small grant schemes.  The Board of Management is made up of residents from the local community who provide leadership, support and guidance to the work of the centre and the staff team.","Affordable Counselling Service, Community Cooking Club, Adult Ed Classes ","Baldoyle Family Resource Service CLG, Grange Road, Baldoyle, Dublin 13",D13 TE80,No,www.bfrs.ie,reception@bfrs.ie,018326115,Community & Family;Education;Information & Advice;Wellbeing & Mental Health;,Multiple services,53.397,-6.157,N/A,,,,,,,,,,,,
229,Dublin - Ballyfermot Family Resource Centre CLG,Family Resource Centre,Counselling ,"lynch's lane, Ballyfermot, Dublin 10",D10K319,No,www.ballyfermotfrc.com ,admin@ballyfermotfrc.com,016264147,Information & Advice;Wellbeing & Mental Health;Community & Family;,Wellbeing & Mental Health,53.3429686,-6.346154745,N/A,,,,,,,,,,,,
311,Dublin - Black Therapists Ireland ,Black Therapists Ireland provide mental health care to the public through services delivered by black counselling psychotherapists.,"Mental health, sad, anxiety, depression, help, pain, support, death, loss, relationship, anger, stress, fear, panic, loneliness, racism, ","Glenshesk House,  10 Richview Office Park,  Clonskeagh,  Dublin 14 D14 V8C4",D14 V8C4,No,www.blacktherapistsireland.ie,support@blacktherapistsireland.ie,None,Wellbeing & Mental Health,Wellbeing & Mental Health,53.312,-6.236,N/A,,,,,,,,,,,,
129,Dublin - Business in the Community Ireland,"EPIC is an employment and integration programme that supports adult asylum seekers, refugees and migrants finding suitable employment and integrating in Ireland through inclusive group training, personalised individual career counselling sessions and supports from businesses.","Finding work, Career Counselling, CV writing, interview preparation, integration","3rd Floor Phibsborough Tower, Phibsborough Road, Dublin 7",D07 XH2D,No,https://bitc.ie/programmes/jobseekers/epic-programme/,lbartolome@bitc.ie,+353 1 874 7232,Employment & Training;,Employment & Training,53.363,-6.273,N/A,,,,,,,,,,,,
312,Dublin - Cairde,"Cairde is an organization working to improve access to and experience of health services for ethnic minorities in Ireland, and ethnic minorities participation in health planning and delivery. In our Dublin and Balbriggan offices multilingual staff provide health information and advocacy services in person, over the phone and email. ","health information and advocacy, peer support & advocacy in mental health, capacity building activities, ","19 Belvedere Place, Dublin 1 & Hampton Street, Balbriggan, co. Dublin",D01 X2E4,No,https://cairde.ie/,info@cairde.ie,01 855 2111,"Health Services, Information & Advice, Language Support, Wellbeing & Mental Health",Health Services,53.359,-6.258,10am-5pm - by appointment ,,,,,,,,,,,,
313,Dublin - Chime,"Chime is committed to a society with no limits or barriers for anyone living with deafness or hearing loss in Ireland. We work towards achieving this vision by seeking changes in legislation, policy, practice and resource provision to address inequality, exclusion and injustice. ","Advocacy, support, community ",Check Chime website for every resources Centre address all over Ireland ,D01 W592,No,https://www.chime.ie/,info@chime.ie,018175700 / 0879221046 (text only),Information & Advice,Multiple Services,53.355,-6.264,Yes,,,,,,,,,,,,
314,Dublin - City of Dublin ETB Adult Education Guidance Service,"The City of Dublin Adult Education Guidance Service provides a free, impartial and confidential service to adults so they can make informed education, career and life choices. You can meet with a professional and qualified Guidance Counsellor or Guidance Information Officer to get information and to discuss your education and training needs.","Education, Training, Information, Guidance, Support","CDETB Adult Education Service, Ballymun Road, Dublin 11. ",D11 YK4H,No,https://adulteducationcityofdublinetb.ie/adult-education-guidance-service/,paul.maguire@aes.cdetb.ie,0860612037,"Information & Advice, Employment & Training, Education, Language Support",Multiple Services,53.392,-6.265,"Monday, Tuesday, Wednesday, Thursday: 9am-4pm",,,,,,,,,,,,
158,Dublin - CKU Centre for Counselling and Therapy,"FACE TO FACE AND ONLINE  INDIVIDUAL PSYCHOTHERAPY,  ADDICTION PSYCHOTHERAPY,   FAMILY / IFS / YOUTH PSYCHOTHERAPY,  PSYCHOTHERAPY FOR COUPLES , PSYCHOLOGICAL HELP,  PSYCHIATRIC CONSULTATION, SEXOLOGICAL CONSULTATION,  PERSONAL DEVELOPMENT, WEBINARS",Addiction and family support in Polish language ,"110 Amien Street , Dublin 1",D01 F6N2,No,www.ckudublin.org,info@ckudublin.org,0876494555,Health Services;Wellbeing & Mental Health;,Wellbeing & Mental Health,53.354,-6.249,N/A,,,,,,,,,,,,
158,Dublin - CKU Centre for Counselling and Therapy,"FACE TO FACE AND ONLINE  INDIVIDUAL PSYCHOTHERAPY,  ADDICTION PSYCHOTHERAPY,   FAMILY / IFS / YOUTH PSYCHOTHERAPY,  PSYCHOTHERAPY FOR COUPLES , PSYCHOLOGICAL HELP,  PSYCHIATRIC CONSULTATION, SEXOLOGICAL CONSULTATION,  PERSONAL DEVELOPMENT, WEBINARS",Addiction and family support in Polish language ,"19 Lord Edward Street, Coolmine House, Dublin 2",Dublin 2,No,www.ckudublin.org,info@ckudublin.org,0876494555,Health Services;Wellbeing & Mental Health;,Wellbeing & Mental Health,53.34380015,-6.269387431,N/A,,,,,,,,,,,,
158,Dublin - CKU Centre for Counselling and Therapy,"FACE TO FACE AND ONLINE  INDIVIDUAL PSYCHOTHERAPY,  ADDICTION PSYCHOTHERAPY,   FAMILY / IFS / YOUTH PSYCHOTHERAPY,  PSYCHOTHERAPY FOR COUPLES , PSYCHOLOGICAL HELP,  PSYCHIATRIC CONSULTATION, SEXOLOGICAL CONSULTATION,  PERSONAL DEVELOPMENT, WEBINARS",Addiction and family support in Polish language ,"CARP, Killinarden Heights, Killinarden, Tallaght, Dublin 24 ",Dublin 24,No,www.ckudublin.org,info@ckudublin.org,0876494555,Health Services;Wellbeing & Mental Health;,Wellbeing & Mental Health,53.27605946,-6.378777645,N/A,,,,,,,,,,,,
208,Dublin - Conradh na Gaeilge - Céad Míle Fáilte,"Céad Míle Fáilte is a free national education programme for migrants in Ireland. We run nationwide Irish-language and culture classes, workshops and events aimed at fostering social and cultural inclusion and celebrating diversity and multi-culturalism in Ireland. ","irish culture, singing, dancing ","66 Camden St Lower, Dublin 2 D02 X201",D02 X201,No,https://ceadmilefailte.ie/,ceadmilefailte@cnag.ie,+353 (0) 1 475 7401,Culture & the Arts;Education;,Culture & the Arts,53.336,-6.265,N/A,,,,,,,,,,,,
60,Dublin - Crosscare Information & Advocacy Service ,"Information and support around homelessness, risk of homelessness, social welfare, immigration system and family reunification. Support by email, phone or appointment.",Help with applications for social welfare; Social welfare refusal; Help with applications for social housing; At risk of homelessness; Homeless prevention; Immigration permission; Irish Diaspora; Family Reunification,"Crosscare, 2 St Mary's Place North, Dublin 7, D07 Y768 ",D07 Y768 ,No,Crosscare.ie ,info@crosscare.ie,018726775 ,Information & Advice;,Information & Advice,53.355,-6.27,N/A,,,,,,,,,,,,
,Dublin - Daughters of Charity Community Services,"Covering D1 and D7 we provide Adult Education Classes, Early Years Creche, Youth Training Centre","Adult Education Classes, Community Training Centre, Early Years Creche, Community Outreach Support ","9 Henrietta Street, Dublin 1",D01 Y1R9,No,doccs.ie,info@doccs.ie, 01-8874100,Education;Employment & Training;,Multiple services,53.35280069,-6.268377045,N/A,,,,,,,,,,,,
220,Dublin - Dublin City Community Cooperative,"Local development cooperative, consisting of 12 community development organisations, serving Dublin’s inner city.","English classes, Safe Pass and Manual Handling, Barista Training, general education and career guidance, and advocacy. ","Unit 1 Killarney Court, Buckingham Street, Dublin 1",D01 F6Y7,No,https://dublincitycommunitycoop.ie/,megan.jones@dublincitycommunitycoop.ie,085-170 9194,"Information & Advice, Employment & Training, Education, Language Support, Community & Family",Multiple Services,53.355,-6.25,"Monday, Tuesday, Wednesday, Thursday, Friday: 9am-4:30pm",,,,,,,,,,,,
211,Dublin - Dublin City Volunteer Centre,"We support and guide people living in Dublin City to find volunteer opportunities in the local area through the National Volunteering Database I-VOL.ie. We run regular Information sessions on Volunteering for International Protection Applicants, Displaced Persons and Refugees. ",Volunteering Volunteer Volunteers Dublin City,"Dublin City Volunteer Centre, Unit 4 Whitefriar Pl, Aungier St, Dublin, ",D02 XT21,No,www.volunteerdublincity.ie,info@volunteerdublincity.ie,014737482,"Information & Advice, Wellbeing & Mental Health, Community & Family",Information & Advice,53.339,-6.266,"Monday, Tuesday, Wednesday, Thursday: 9.30am-1pm / 2-5pm",,,,,,,,,,,,
40,Dublin - Dublin College FET Blanchardstown,"Dublin College FET Blanchardstown offers a range of courses from English language, literacy, numeracy and digital skills up to full awards QQI 4 and 5 vocational courses. ","education, English Classes, information, guidance, training, ",Main Street. Blanchardstown Village,D15T3KT,No,https://www.adulteducationblanchardstown.ie/,baes@ddletbaes.ie,018200952,Information & Advice;Education;Language Support;,Education,53.386,-6.396,"Monday, Tuesday, Wednesday, Thursday, Friday: 8am-4pm",,,,,,,,,,,,
41,Dublin - Dublin College FET Riversdale,"Dublin College FET Riversdale offers a range of part time vocational courses full awards at QQI 4 and 5 in Childcare, Business Adminsitration, Office Skills and Digital Skills along English classes for Dublin 15 adult community. ","English classes, childcare, healthcare, computers, IT, office, skills, ELC, ESOL, business administration, office administration, digital, horticulture, education, training","Blanchardstown Road North,  Dublin 15",D15YWE5,No,https://www.adulteducationblanchardstown.ie/,baes@ddletbaes.ie,018200295,Education;Language Support;,Education,53.402,-6.399,N/A,,,,,,,,,,,,
147,Dublin - Dublin Northwest Partnership,"Dublin Northwest Partnership (DNP) is a Local Development Company. DNP works together with the communities of Finglas, Ballymun, Cabra, Glasnevin, Drumcondra and Phisborough to advance the well-being and economic dignity and security of local people, especially those experiencing disadvantage and inequality. DNP provides a variety of supports and services ranging from employment, food and nutrition, enterprise, community development, well-being, and education. ","Information and advice, well-being, community development, finding work, employment supports, training opportunities, food and nutrition, ","Rosehill House, Finglas Road, Finglas, Dublin 11 ",D11 T6Y7,No,www.dublinnorthwest.ie,info@dublinnorthwest.ie,01 836 1666,Information & Advice;Employment & Training;Education;Wellbeing & Mental Health;Community & Family;Public Awareness & Activism;,Multiple services,53.388,-6.296,N/A,,,,,,,,,,,,
147,Dublin - Dublin Northwest Partnership,"Dublin Northwest Partnership (DNP) is a Local Development Company. DNP works together with the communities of Finglas, Ballymun, Cabra, Glasnevin, Drumcondra and Phisborough to advance the well-being and economic dignity and security of local people, especially those experiencing disadvantage and inequality. DNP provides a variety of supports and services ranging from employment, food and nutrition, enterprise, community development, well-being, and education. ","Information and advice, well-being, community development, finding work, employment supports, training opportunities, food and nutrition, ","Axis Centre, 9 Main Street, Ballymun, Dublin 9 ",D09 Y9W0,No,www.dublinnorthwest.ie,info@dublinnorthwest.ie,01 836 1666,Information & Advice;Employment & Training;Education;Wellbeing & Mental Health;Community & Family;Public Awareness & Activism;,Multiple services,53.39654499,-6.260650708,N/A,,,,,,,,,,,,
147,Dublin - Dublin Northwest Partnership,"Dublin Northwest Partnership (DNP) is a Local Development Company. DNP works together with the communities of Finglas, Ballymun, Cabra, Glasnevin, Drumcondra and Phisborough to advance the well-being and economic dignity and security of local people, especially those experiencing disadvantage and inequality. DNP provides a variety of supports and services ranging from employment, food and nutrition, enterprise, community development, well-being, and education. ","Information and advice, well-being, community development, finding work, employment supports, training opportunities, food and nutrition, ","27/28 Annamoe Terrace, Cabra, Dublin 7 ",D07 EPK0,No,www.dublinnorthwest.ie,info@dublinnorthwest.ie,01 836 1666,Information & Advice;Employment & Training;Education;Wellbeing & Mental Health;Community & Family;Public Awareness & Activism;,Multiple services,53.36010912,-6.282154042,N/A,,,,,,,,,,,,
31,Dublin - Dublin Rape Crisis Centre,"Dublin Rape Crisis Centre provides support to adult victims and survivors, of all genders, who have experienced any form of sexual violence, recent or past. We provide therapy & counselling, support at court & in reporting, & free 24-hr Helpline support at 1800778888, with interpreting support as needed","support after sexual violence, rape crisis counselling, rape crisis therapy, help with reporting to gardai, accompaniment in court, support at SATU (satellite therapy locations in Coolock, Tallaght, Balbriggan and the Dochas Centre).","70 Lower Leeson Street, Dublin 2",D02VW13,No,www.drcc.ie,counselling@rcc.ie,1800778888,Information & Advice;Wellbeing & Mental Health;Rape Crisis Support;,Wellbeing & Mental Health,53.334,-6.275,N/A,,,,,,,,,,,,
315,Dublin - Dublin South Citizens Information Service,"Citizens Information Centres provide free, confidential, independent and impartial information to all on public services and on the entitlements of all in Ireland. We assist those in the state to access entitlements.Citizens Information provide information about rights and how to apply for State services in Ireland.","Information, Help with Forms","Luke Cullen House, Oakfield Industrial Estate, Clondalkin, Dublin 22",D22 A9C6,No,www.citizensinformation.ie,clondalkin@citinfo.ie,0818075100,Information & Advice,Information & Advice,53.325,-6.394,"Monday, Tuesday and Thursday 9.30am-12pm, 2-4pm. Wednesday 2-4pm",,,,,,,,,,,,
316,Dublin - Dublin South City Partnership,"DSCP is a local development company. Our mission to advance social inclusion and promote local and community development in Dublin South City by working in partnership with communities, individuals and stakeholders to support wellbeing, education, employment and enterprise. ","Community Development, Employment, Lifelong Learning, Enterprise & Social Enterprise, TUS, Ability.  ","3/4 St Agnes Rd, Crumlin Village, Dublin.",D12VAA8,No,https://www.dublinsouthcitypartnership.ie,inclusion@dscp.ie,086 608 8785,"Employment & Training, Language Support, Wellbeing & Mental Health, Community & Family, Youth Services",Multiple Services,53.321,-6.317,Yes,,,,,,,,,,,,
317,Dublin - Dun Laoghaire Rathdown County Council LAIT Team,"The dlr Local Authority Integration team will provide signposting to services one needs to access employment and develop English language proficiency, access childcare and healthcare services and to connect to sporting and other local/community activities.","signposting to services, employment, English language, access childcare ,healthcare services and to connect to sporting and other local/community, cultural Activities.","Marine Road, Dún Laoghaire, Co.Dublin, ",A96 K6C9,No,dlrcoco.ie,integration@dlrcoco.ie,01 205 4893,"Information & Advice, Employment & Training, Education, Language Support, Wellbeing & Mental Health, Community & Family, Youth Services, signposting to services and funding",Multiple Services,53.294,-6.135,N/A,,,,,,,,,,,,
318,Dublin - Dun Laoghaire Rathdown Volunteer Centre,Dún Laoghaire Rathdown Volunteer Centre is an independent non-profit organisation which works to develop volunteering in our county and local communities. We do this by supporting individuals to volunteer and organisations to involve volunteers. We also run a Community Volunteers programme where volunteers can get involved in flexible volunteering.,"volunteer, community, participation, civic engagement, social action","It is not possible to drop in or have meetings at our current address, instead we meet volunteers and service users at various locations in the County, please contact us by email or phone to set up an appointment.",None,No,www.volunteerdlr.ie,info@volunteerdlr.ie,01 4414444,"Information & Advice, Volunteering information",Information & Advice,53.295,-6.143,N/A,,,,,,,,,,,,
319,Dublin - Empower,"Empower is a local development company. Our mission is to enable positive change by offering leadership, partnership and innovation to individuals and communities across Fingal. To empower the voices and actions of marginalised people and groups through brave advocacy and by co-ordinating and delivering innovative social inclusion initiatives.","employment, training, english classes, wellbeing, advocacy, information","Dillon House, 106 Coolmine Industrial Estate, Dublin 15, Ireland.",D15 KT2X,No,www.empower.ie,info@empower.ie,(01) 820 9550,"Information & Advice, Employment & Training, Language Support, Wellbeing & Mental Health, Community & Family, Public Awareness & Activsm",Multiple Services,53.384,-6.401,N/A,,,,,,,,,,,,
44,"Dublin - EPIC, Empowering People in Care","EPIC works with children and young people in the care of the state, including unaccompanied minors. ","Advice and support, care placement, aftercare, information about my rights, Tusla, being in care.","EPIC Dublin, 7 Red Cow Lane, Smithfield, Dublin 7 Co. Dublin D07 KX52",D07 KX52,No,www.epiconline.ie,info@epiconline.ie,01 872 7661 ,Information & Advice;Youth Services;Public Awareness & Activism;,Information & Advice,53.35,-6.298,N/A,,,,,,,,,,,,
154,Dublin - Fáilte Isteach,"Fáilte Isteach is a conversational English language project involving predominantly older volunteer tutors welcoming migrants and refugees through free, accessible classes. It's a community-based project offering a welcoming space for all. We currently have 200 active locations across 26 counties in Ireland.","Conversational English Classes, Fáilte Isteach, Improve English Conversational Skills, Free English Classes",Office address is Summerhill in Meath but we have group locations across Ireland. All classes are listed here: https://www.thirdageireland.ie/failte-isteach/locations ,A83 PW94,No,https://www.thirdageireland.ie/failte-isteach,failteisteach@thirdageireland.ie,(046) 9557766,Language Support,Language Support,53.483,-6.74,"Available: All classes are available for drop in, although learners are encourage to attend regularly when possible., No time given",,,,,,,,,,,,
126,Dublin - Feed Dublin ,"We are a FoodBank and we provide food hampers, we are open only by appointment because of the large number of people we are helping, if anyone needs help don't hesitate to contact us!",Food Support,Betania Church Powerstown Road Tyrellstown Dublin 15,D15VOYK ,No,www.feed-dublin.com,Betania Church Powerstown Road Tyrellstown Dublin 15,0872571444,"Emergency & Homelessness Support (e.g. food, shelter, day services);","Emergency & Homelessness Support (e.g. food, shelter, day services)",53.415,-6.394,N/A,,,,,,,,,,,,
,Dublin - Fingal Local Authority Integration Team (LAIT),"Fingal Local Authority Integration Teams promote integration from day one by supporting international protection applicants, refugees and beneficiaries of temporary protection access essential services and supports. Through service mapping, clinics and tailored coordination, the team ensure individuals and families can fully engage in Irish Society","Integration, Access, Welcoming, Supportive, Help, Inclusive, Empowering, Practical, Caring,  Community, Guidance, Informative, Holistic, Compassionate","Fingal County Council, Grove Road, Blanchardstown, Dublin 15, D15 W638",D15 W638,No,"https://www.fingal.ie/LocalAuthorityIntegrationTeam#:~:text=is%20the%20LAIT%3F-,Who%20is%20the%20LAIT%3F,to%20integrate%20into%20the%20community.",integration@fingal.ie,(01) 890 5000,Information & Advice,Multiple Services,"53.39117155715055, ",-6.39191938,N/A,,,,,,,,,,,,
,Dublin - Fingal Volunteer Centre,Supporting Volunteer Involving Organisations &  people interested in volunteering in their community.,Support people to volunteer in their community.,"Unit 8, Birch House, Rosemount Business Park, Dublin 11, D11 A9FP",D11A9FP,No,https://volunteerfingal.ie/,info@volunteerfingal.ie,(01) 899 1921,Volunteering.;,Volunteering,53.4053781,-6.35118173,N/A,,,,,,,,,,,,
92,Dublin - Flossie and The Beach Cleaners,Marine Environment Charity,Beach cleaning ,A96 C822,A96 C822,No,flossieandthebeachcleaners.com,Info@floss.ie,N/A,Environment;Wellbeing & Mental Health;,Environment,53.287,-6.113,N/A,,,,,,,,,,,,
152,Dublin - GAP Ireland,"GAP operates community gardens, where international protection applicants are welcome. ",Volunteering; Gardening,GLAS community garden: Corduff,Dublin 15,No,www.globalactionplan.ie,info@globalactionplan.ie,01 883 2185,Community & Family;Environment;,Community & Family,53.41558308,-6.346825528,N/A,,,,,,,,,,,,
152,Dublin - GAP Ireland,"GAP operates community gardens, where international protection applicants are welcome. ",Volunteering; Gardening,GLAS community garden: Ballymun,D09 Y9W0,No,www.globalactionplan.ie,info@globalactionplan.ie,01 883 2185,Community & Family;Environment;,Community & Family,53.39584971,-6.257843923,N/A,,,,,,,,,,,,
230,Dublin - Hill Street Family Resource Centre,"Hill Street Family Resource Centre is a inter-cultural Centre for families and children. We provide children and their families with person-centered services that are easily accessible and inclusive of all. These services promote full social participation and aim to enable families maximise their health, well-being and life chances. ","Parent & Child Group, Parent & Baby Group, Community Development, Family Support, After School, English Classes. "," Hill Street Playground, 1 Hill St, Rotunda, Dublin 1",D01 TC90,No,https://hillstreetfrc.ie/,info@hillstreetfrc.ie,(01) 874 6810,developmentworker@hillstreetfrc.ie,,53.35468185,-6.258768439,"Monday, Tuesday, Wednesday, Thursday, Friday:  9am-1pm, 2-5pm",,,,,,,,,,,,
216,Dublin - Immigrant Council of Ireland,"The Immigrant Council of Ireland is a human rights organisation and Independent Law Centre. We provide legal support and advocate for the rights of immigrants and their families, including refugees, and act as a catalyst for public debate and change. We provide information to migrants through our free confidential helpline. ","Information, legal support, advocacy, integration","Immigrant Council of Ireland, 7 Red Cow Lane, Smithfield, Dublin 7",D07 KX52,No,https://www.immigrantcouncil.ie/,admin@immigrantcouncil.ie,01 674 0200,"Information & Advice, Legal Advice, Public Awareness & Activsm",Multiple Services,53.35,-6.278,Available:  No time given,,,,,,,,,,,,
25,Dublin - Inner City Enterprise ,"Inner City Enterprise helps unemployed, young, and social entrepreneurs to succeed through business advice,  supports and training and networking opportunities.","Employment and Training, Social Enterprises, Mentoring, Entrepreneurs","49/50, Coleraine St, Smithfield, Dublin 7",D07 XW62,No,https://innercityenterprise.com/,info@innercityenterprise.com, (01) 906 1503,Employment & Training;,Employment & Training,53.352,-6.293,N/A,,,,,,,,,,,,
321,Dublin - Intercultural Language Service,"ILS promotes intercultural language & integration training for migrants in Ireland. We promote social inclusion for newer community members and foster social cohesion in the communities and areas of Dublin City where New-Irish reside through intercultural encounters, activities and events.","English Classes, ESOL, Integration Support","Ballybough Community Centre, 49 Ballybough Rd, Dublin 3",D03C995,No,ilsschool.org,ils.info.dublin@gmail.com,089 429 7580,"Education, Language Support",Language Support,53.361,-6.243,"Monday, Tuesday, Wednesday: 10am-12pm",,,,,,,,,,,,
80,Dublin - International Organization for Migration (IOM),"The International Organization for Migration (IOM) is the UN agency that supports humane and orderly migration. It assists governments and migrants through services including resettlement, return assistance, emergency response, and integration support, while promoting international cooperation and protecting the rights and dignity of people on the move.","voluntary return, help to go home, return to my country, interpretation, cultural mediation, pledged accommodation; integration services",iomdublin@iom.int,D02R252,No,https://ireland.iom.int/,iomdublin@iom.int,1800 406 406,Information & Advice;,Information & Advice,53.337,-6.271,"Monday, Tuesday, Wednesday, Thursday, Friday: 10am-3pm.  Whenever possible, it's advisable to call ahead and schedule an appointment.",,,,,,,,,,,,
80,Dublin - International Organization for Migration (IOM) - Assisted Voluntary Return and Reintegration Services ,"The International Organization for Migration (IOM) is the UN agency that supports humane and orderly migration. It assists governments and migrants through services including resettlement, return assistance, emergency response, and integration support, while promoting international cooperation and protecting the rights and dignity of people on the move.",IOM’s Assisted Voluntary Return and Reintegration programme facilitates the voluntary return and reintegration of migrants who are unable or unwilling to remain in host countries and wish to return voluntarily to their countries of origin.  Contact email: ,iomdublin@iom.int,D02R252,No,https://ireland.iom.int/,returnfromireland@iom.int ,1800 406 406,Information & Advice;,Information & Advice,53.337,-6.271,"Monday, Tuesday, Wednesday, Thursday, Friday: 10am-3pm.  Whenever possible, it's advisable to call ahead and schedule an appointment.",,,,,,,,,,,,
80,Dublin - International Organization for Migration (IOM) - IBG Services,"The International Organization for Migration (IOM) is the UN agency that supports humane and orderly migration. It assists governments and migrants through services including resettlement, return assistance, emergency response, and integration support, while promoting international cooperation and protecting the rights and dignity of people on the move.","Support to Beneficiaries of Temporary Protection (ie. from Ukraine): Transfer to Citywest Convention Centre for processing of Temporary Protection Applications, Information provision",Dublin Airport,,No,https://ireland.iom.int/,iomdublin@iom.int,1800 406 406,Information & Advice;,Information & Advice,53.4269889,-6.247423232,"Monday, Tuesday, Wednesday, Thursday, Friday: 10am-3pm.  Whenever possible, it's advisable to call ahead and schedule an appointment.",,,,,,,,,,,,
80,Dublin - International Organization for Migration (IOM) - IBG Services ,"The International Organization for Migration (IOM) is the UN agency that supports humane and orderly migration. It assists governments and migrants through services including resettlement, return assistance, emergency response, and integration support, while promoting international cooperation and protecting the rights and dignity of people on the move.",Cultural Mediation support for International Protection Applicants  ,"nternational Protection Office, Timberlay House, 78-83 Lower Mount Street, Dublin 2 ",,No,https://ireland.iom.int/,iomdublin@iom.int,1800 406 406,Information & Advice;,Information & Advice,53.33916944,-6.24220467,"Monday, Tuesday, Wednesday, Thursday, Friday: 10am-3pm.  Whenever possible, it's advisable to call ahead and schedule an appointment.",,,,,,,,,,,,
80,Dublin - International Organization for Migration (IOM) - IBG Services only available to beneficiaries being processed in Citywest,"The International Organization for Migration (IOM) is the UN agency that supports humane and orderly migration. It assists governments and migrants through services including resettlement, return assistance, emergency response, and integration support, while promoting international cooperation and protecting the rights and dignity of people on the move.","Support to Beneficiaries of Temporary Protection (ie. from Ukraine): Temporary Protection Applications, IRP cards, Withdrawals, Information provision; Cultural Mediation support for International Protection Applicants","Citywest Convention Centre: Garter Lane, Saggart, Dublin 24, D24 KF8A",D24 KF8A,No,https://ireland.iom.int/,iomdublin@iom.int,1800 406 406,Information & Advice;,Information & Advice,53.295258,-6.361588539,"Monday, Tuesday, Wednesday, Thursday, Friday: 10am-3pm.  Whenever possible, it's advisable to call ahead and schedule an appointment.",,,,,,,,,,,,
80,Dublin - International Organization for Migration (IOM) - Pledged Accommodation and Integration Services ,"The International Organization for Migration (IOM) is the UN agency that supports humane and orderly migration. It assists governments and migrants through services including resettlement, return assistance, emergency response, and integration support, while promoting international cooperation and protecting the rights and dignity of people on the move.",IOM provides support to Beneficiaries of Temporary Protection to access pledged accommodation through the Irish Red Cross and Offer a Home programmes.  ,iomdublin@iom.int,D02R252,No,https://ireland.iom.int/,iomdublintransfers@iom.int ,1800 406 406,Information & Advice;,Information & Advice,53.337,-6.271,"Monday, Tuesday, Wednesday, Thursday, Friday: 10am-3pm.  Whenever possible, it's advisable to call ahead and schedule an appointment.",,,,,,,,,,,,
322,Dublin - Irish Refugee Council,"We provide services and support to people seeking protection and those recognised as refugees in Ireland. We have a Drop-In Centre and services cover the areas of Education, Youth, Employment, Housing, Information & Advice and others.","Education, training courses, youth work, employment, cv development, legal help, filling form ","37 Killarney Street, Dublin 1, D01 NX74",D01 NX74,No,https://www.irishrefugeecouncil.ie/,info@irishrefugeecouncil.ie,01 764 5062,"Information & Advice, Employment & Training, Education, Housing Support, Wellbeing & Mental Health, Youth Services, Legal Advice",Multiple Services,53.355,-6.248,"Monday, Tuesday, Thursday. Currently open via phone and email only.",,,,,,,,,,,,
,Dublin - Irish Syrian Community,"The Irish Syrian Community is a social and cultural association that aims to support Syrians currently living in Ireland giving Information & Advice, Public Awareness & Activism",Information & Advice in Arabic,Dublin,None,Yes,https://www.facebook.com/irsyCommunity/,irishsyriancommunity@gmail.com,None,Information & Advice;Public Awareness & Activism;,Public Awareness & Activism,,,N/A,,,,,,,,,,,,
323,Dublin - Jobcare CLG,"Free employment services for any new to the Irish jobs market.  Including, but not limited to: + CVs + Mock interviews + networking connections + community support + laptops & WiFi + Business English practice + Career Coaching","CVs, Mock interviews, networking connections, community support, laptops & WiFi, Business English practice, Career Coaching","29 Pearse Street, Dublin 2, D02 E726",D02 E726,No,www.jobcare.ie,info@jobcare.ie,016773897,"Employment & Training, Language Support",Employment & Training,53.345,-6.253,"Drop-in by Appointment only. Monday, Tuesday, Wednesday, Thursday, Friday: 10am-4pm",,,,,,,,,,,,
178,Dublin - Legal Aid Board,"The Legal Aid Board is an independent, publicly funded organisation providing civil legal aid and advice, family mediation services, assisted decision-making services, International protection services, and much more. ","Legal Aid, Legal advice, family mediation, international protection, rights of cohabitants, guardianship, assisted decision making, traveller support, abhaile scheme","48/49 North Brunswick Street, Georges Lane, Dublin 7, D07 PE0C",D07 PE0C,No,www.legalaidboard.ie,info@legalaidboard.ie,Phone: (066) 947 1000  LoCall: 0818 615 200,Information & Advice;Housing support;Community & Family;Legal Advice;International protection;,Multiple services,53.351,-6.28,N/A,,,,,,,,,,,,
178,Dublin - Legal Aid Board,"The Legal Aid Board is an independent, publicly funded organisation providing civil legal aid and advice, family mediation services, assisted decision-making services, International protection services, and much more. ","Legal Aid, Legal advice, family mediation, international protection, rights of cohabitants, guardianship, assisted decision making, traveller support, abhaile scheme","Ballymun Law and Family Mediation Centre, Unit 2, 2nd Floor, Lidl North Quarter, Balcurris Road, Ballymun, Dublin 11",D11 WRN8,No,www.legalaidboard.ie,ballymunlc@legalaidboard.ie,Phone: (066) 947 1000  LoCall: 0818 615 200; Ballymun (01) 234 4400,Information & Advice;Housing support;Community & Family;Legal Advice;International protection;,Multiple services,53.39780616,-6.26500991,N/A,,,,,,,,,,,,
178,Dublin - Legal Aid Board,"The Legal Aid Board is an independent, publicly funded organisation providing civil legal aid and advice, family mediation services, assisted decision-making services, International protection services, and much more. ","Legal Aid, Legal advice, family mediation, international protection, rights of cohabitants, guardianship, assisted decision making, traveller support, abhaile scheme","Law Centre Blanchardstown, Units 6-8, Blanchardstown Business Centre, Clonsilla Road, Blanchardstown, Dublin 15",D15 DT78,No,www.legalaidboard.ie,blc@legalaidboard.ie,Phone: (066) 947 1000  LoCall: 0818 615 200; Blanchardstown (01) 8200455,Information & Advice;Housing support;Community & Family;Legal Advice;International protection;,Multiple services,53.38955464,-6.380256715,N/A,,,,,,,,,,,,
178,Dublin - Legal Aid Board,"The Legal Aid Board is an independent, publicly funded organisation providing civil legal aid and advice, family mediation services, assisted decision-making services, International protection services, and much more. ","Legal Aid, Legal advice, family mediation, international protection, rights of cohabitants, guardianship, assisted decision making, traveller support, abhaile scheme","Law Centre Chancery Street, Childcare Unit, Chancery Street Courthouse, Dublin 7",D07 A599,No,www.legalaidboard.ie,chancerystreetchildcare@legalaidboard.ie,Phone: (066) 947 1000  LoCall: 0818 615 200; Chancery Street (01) 8286626,Information & Advice;Housing support;Community & Family;Legal Advice;International protection;,Multiple services,53.34757179,-6.271131423,N/A,,,,,,,,,,,,
178,Dublin - Legal Aid Board,"The Legal Aid Board is an independent, publicly funded organisation providing civil legal aid and advice, family mediation services, assisted decision-making services, International protection services, and much more. ","Legal Aid, Legal advice, family mediation, international protection, rights of cohabitants, guardianship, assisted decision making, traveller support, abhaile scheme","Law Centre Clondalkin, 1st Floor, Civic Centre, South Dublin County Council, Ninth Lock Road, Clondalkin, Dublin 22",D22 E9X5,No,www.legalaidboard.ie,lawcentreclondalkin@legalaidboard.ie,Phone: (066) 947 1000  LoCall: 0818 615 200; Clondalkin (01) 457 6011,Information & Advice;Housing support;Community & Family;Legal Advice;International protection;,Multiple services,53.33001536,-6.395156093,N/A,,,,,,,,,,,,
178,Dublin - Legal Aid Board,"The Legal Aid Board is an independent, publicly funded organisation providing civil legal aid and advice, family mediation services, assisted decision-making services, International protection services, and much more. ","Legal Aid, Legal advice, family mediation, international protection, rights of cohabitants, guardianship, assisted decision making, traveller support, abhaile scheme","Law Centre Dolphin House, 3rd Floor, Dolphin House, East Essex Street, Dublin 2",D02 RR76,No,www.legalaidboard.ie,dolphinhouse@legalaidboard.ie,Phone: (066) 947 1000  LoCall: 0818 615 200; Dolphin House (01) 675 5566,Information & Advice;Housing support;Community & Family;Legal Advice;International protection;,Multiple services,53.34529506,-6.263053694,N/A,,,,,,,,,,,,
178,Dublin - Legal Aid Board,"The Legal Aid Board is an independent, publicly funded organisation providing civil legal aid and advice, family mediation services, assisted decision-making services, International protection services, and much more. ","Legal Aid, Legal advice, family mediation, international protection, rights of cohabitants, guardianship, assisted decision making, traveller support, abhaile scheme","Jervis Street Law and Family Medication Centre, 4th Floor, Jervis House, Jervis Street, Dublin 1",D01 E3W9,No,www.legalaidboard.ie,lawcentrejervis@legalaidboard.ie,Phone: (066) 947 1000  LoCall: 0818 615 200; Jervis Street (01) 874 5440,Information & Advice;Housing support;Community & Family;Legal Advice;International protection;,Multiple services,53.34785167,-6.263097316,N/A,,,,,,,,,,,,
178,Dublin - Legal Aid Board,"The Legal Aid Board is an independent, publicly funded organisation providing civil legal aid and advice, family mediation services, assisted decision-making services, International protection services, and much more. ","Legal Aid, Legal advice, family mediation, international protection, rights of cohabitants, guardianship, assisted decision making, traveller support, abhaile scheme","Minceir/Traveller Legal Support Service, Unit 2, 2nd Floor, Lidl North Quarter, Balcurris Road, Ballymun, Dublin 11",D11 WRN8,No,www.legalaidboard.ie,travellerlegalservices@legalaidboard.ie,Phone: (066) 947 1000  LoCall: 0818 615 200; Minceir/Traveller Legal Support (01) 234 4400,Information & Advice;Housing support;Community & Family;Legal Advice;International protection;,Multiple services,53.39780616,-6.26500991,N/A,,,,,,,,,,,,
178,Dublin - Legal Aid Board,"The Legal Aid Board is an independent, publicly funded organisation providing civil legal aid and advice, family mediation services, assisted decision-making services, International protection services, and much more. ","Legal Aid, Legal advice, family mediation, international protection, rights of cohabitants, guardianship, assisted decision making, traveller support, abhaile scheme","Tallaght Law and Family Mediation Centre, Unit 25, Block 3, Village Green, Tallaght, Dublin 24",D24 P2P7,No,www.legalaidboard.ie,lawcentretallaght@legalaidboard.ie,Phone: (066) 947 1000  LoCall: 0818 615 200; Tallaght (01) 451 1519,Information & Advice;Housing support;Community & Family;Legal Advice;International protection;,Multiple services,53.28689186,-6.357307383,N/A,,,,,,,,,,,,
178,Dublin - Legal Aid Board,"The Legal Aid Board is an independent, publicly funded organisation providing civil legal aid and advice, family mediation services, assisted decision-making services, International protection services, and much more. ","Legal Aid, Legal advice, family mediation, international protection, rights of cohabitants, guardianship, assisted decision making, traveller support, abhaile scheme","Law Centre Smithfield - International Protection and Human Trafficking Unit, 48/49 North Brunswick Street, Georges Lane, Dublin 7, D07 PE0C",D07 PE0C,No,www.legalaidboard.ie,lawcentresmithfield@legalaidboard.ie,Phone: (066) 947 1000  LoCall: 0818 615 200; Law Centre Smithfield (01) 646 9600,Information & Advice;Housing support;Community & Family;Legal Advice;International protection;,Multiple services,53.351,-6.28,N/A,,,,,,,,,,,,
178,Dublin - Legal Aid Board,"The Legal Aid Board is an independent, publicly funded organisation providing civil legal aid and advice, family mediation services, assisted decision-making services, International protection services, and much more. ","Legal Aid, Legal advice, family mediation, international protection, rights of cohabitants, guardianship, assisted decision making, traveller support, abhaile scheme","Law Centre Smithfield, 48/49 North Brunswick Street, Georges Lane, Dublin 7, D07 PE0C",D07 PE0C,No,www.legalaidboard.ie,lawcentresmithfield@legalaidboard.ie,Phone: (066) 947 1000  LoCall: 0818 615 200; Law Centre Smithfield (01) 646 9600,Information & Advice;Housing support;Community & Family;Legal Advice;International protection;,Multiple services,53.351,-6.28,N/A,,,,,,,,,,,,
178,Dublin - Legal Aid Board,"The Legal Aid Board is an independent, publicly funded organisation providing civil legal aid and advice, family mediation services, assisted decision-making services, International protection services, and much more. ","Legal Aid, Legal advice, family mediation, international protection, rights of cohabitants, guardianship, assisted decision making, traveller support, abhaile scheme","Law Centre Medical Negligence/Personal Injury, 48/49 North Brunswick Street, Georges Lane, Dublin 7, D07 PE0C",D07 PE0C,No,www.legalaidboard.ie,mnu@legalaidboard.ie,Phone: (066) 947 1000  LoCall: 0818 615 200; Medical Negligency / Personal Injury: (01) 646 9690,Information & Advice;Housing support;Community & Family;Legal Advice;International protection;,Multiple services,53.351,-6.28,N/A,,,,,,,,,,,,
324,Dublin - Local Authority Integration Team (LAIT) Dublin City Council,"Promote integration from day one by helping international protection applicants, refugees, and beneficiaries of temporary protection access essential services and supports. Through service mapping, clinics, and tailored coordination, LAITs ensure individuals and families can fully engage with their communities and thrive in their new environment.","Integration, Access, Welcoming, Supportive, Help, Inclusive, Empowering, Practical, Caring,  Community, Guidance, Informative, Holistic, Compassionate",Civic Offices Wood Quay Dublin 8 D08 RF3F Ireland,D08 RF3F,No,https://www.dublincity.ie/,integration@dublincity.ie,01 222 2222,Information & Advice,Multiple Services,53.345,-6.271,N/A,,,,,,,,,,,,
193,Dublin - Marie Keating Foundation,"The Foundation's mission is to make cancer less frightening by enlightening and our aim is to live in a world free from the fear of cancer.  Today, the Marie Keating Foundation are one of the leading voices in Ireland for cancer prevention, awareness and support. We are committed to being there for people diagnosed with cancer, and their families at every step of this cancer journey, and our services reflect that. Through our information and support services,  we reach thousands of people a year, giving education, information and advice focused on cancer prevention and early detection, as well as providing support services and financial assistance to those living with and beyond cancer.","Cancer information and awareness
Support programmes for after cancer
BRCA Support",None,No,No,www.mariekeating.ie,info@mariekeating.ie,0035316283726,Information & Advice;,Information & Advice,"53.34747590523421, ",-6.2581,N/A,,,,,,,,,,,,
325,Dublin - Mother Tongues,"Language Explorers consists of a series of free creative workshops for families, proven to improve parents’ and children’s confidence in using their mother tongue and enhance children’s language and communication skills.","Family activities, family wellbeing",Various locations in South Dublin County,Various locations in South Dublin County,No,https://mothertongues.ie/language-explorers/,elena@mothertongues.ie,None,"Wellbeing & Mental Health, Community & Family",Community & Family,53.35,-6.26,N/A,,,,,,,,,,,,
12,Dublin - Mother Tongues,"Mother Tongues organises free artistic family workshops delivered in English, but families are warmly encouraged to bring any and all languages they speak. Through the arts, we empower multilingual children to explore their mother tongues and express who they are. Our workshops help every child grow up proud and confident in their linguistic and cultural identity. ","community, community building, family support, mother language, mother tongue, belonging","Our workshops are organised in different locations, mainly in County Dublin",N/A,No,https://mothertongues.ie/,info@mothertongues.ie,N/A,Community & Family;Culture & the Arts;,Community & Family,53.324,-6.411,N/A,,,,,,,,,,,,
121,Dublin - Mud Island Community Garden,Mud Island is community garden in Dublin's North Inner City entirely run by volunteers and is always open to new members,Community gardening; volunteering; ,"Newcomen Court, off North Strand Road, Dublin ",D03 CX37,No,mudisland.ie,mudislandcommunitygarden@gmail.com,N/A,Environment;Community & Family;Wellbeing & Mental Health;,Environment,53.358,-6.244,N/A,,,,,,,,,,,,
55,Dublin - National Parents Council,"National Parents Council (NPC) represents parents of children in early, primary and post-primary education. NPC aims to make sure that parents’ voices are heard and strongly believes that children should also have their say in issues that affect their educational lives.  NPC offers a confidential Helpline and a national Training Programme to support and empower parents in their involvement in their child’s education.","Helpline, Parents' Associations, Issues in schools, Information sessions for parents, Consultations, Advocacy, Supporting parents to support their children in school.",Dublin city,None,No,www.npc.ie,helpline@npc.ie,01 8874477,Information & Advice;Education;Wellbeing & Mental Health;Training & Support for parents. Helpline. Representing parents. ;,Multiple services,53.324,-6.411,N/A,,,,,,,,,,,,
326,Dublin - New Communities Partnership (NCP),"NCP offers a number of services that assist migrant individuals, families and groups with social inclusion, child protection, education, training, employment, cultural understanding and citizenship.",None,"53 Upper Dorset St, Dublin 1, D01K5F2",D01K5F2,No,www.newcommunities.ie,info@newcommunities.ie,018727842,"Information & Advice, Language Support, Community & Family",Multiple Services,53.356,-6.265,Yes,,,,,,,,,,,,
149,Dublin - Oromo Community Ireland,"Oromo Community Ireland was established on 12/12/2008 as a social integration organisation assisting Oromo community and other minority groups who require our help to integrate and learn valuables services rendered in Ireland. The organisation help to translate Oromo language to English or Swahili and Somali as well for those who require our services. leadership training too is offered when funds are received from donors to facilitate the training, preparing Curriculum vitae in preparation for those who require to apply for jobs or college. As our resources are limited we can only offer a limited services.","integration into local community, help with forms and translation when required",None,None,Yes,www.oromocommunityireland.com ,oromocommunityireland@yahoo.ie,0894812904 / 0857496240,Community & Family;Information & Advice;,Information & Advice,53.633,-8.24,N/A,,,,,,,,,,,,
327,Dublin - Our Table Dublin ,"Our Table is a social enterprise which aims at creating a connected and inclusive community through food .We develop people 's existing culinary skills in a professional setting, in order to give them the confidence ,support ,and practical experience necessary to start their own food businesses or gain employment in other organisations.  ","We do online information centre ,where we advise people how they can get into employment sector ","37 Killarney street, MountJoy,DO1 NX74",D01NX74,No,https://www.ourtable.ie/,ellie@ourtable.ie,00353834590992,"Health Services, Information & Advice, Employment & Training, Community & Family, Public Awareness & Activsm, We also provide hot meals to people that are stuck outside Direct Provision",Multiple Services,53.355,-6.248,N/A,,,,,,,,,,,,
111,Dublin - Outhouse LGBTQ+ Centre,"Outhouse is a space for LGBTQ+ people to connect with one another and with themselves. We are a space for support, to feel safe, and to be understood. We advocate for the voices of our community, working to promote equity and justice for all LGBTQ+ people. We offer 1:1 Community Casework appointments for those in need of support.","Finding Community, Social Groups, Peer Support Groups, 1:1 Casework, Information and Advocacy, Sign-posting, LGBTQ+ Events, Communit Cafe, LGBTQ+ Library, Theatre, Alcoholics Anonymous, Narcotics Anonymous, Rooms for hire. ","105 Capel Street, Dublin 1, D01 R290",D01 R290,No,https://outhouse.ie/,hello@outhouse.ie,+353 1 8734999,Information & Advice;Wellbeing & Mental Health;Community & Family;Public Awareness & Activism;Culture & the Arts;,Multiple services,53.351,-6.269,"Tuesday, Wednesday, Thursday, Friday: 11am - 9pm: Saturday: 11am - 6pm ",,,,,,,,,,,,
200,"Dublin - Ozanam House Resource Centre, SVP","Ozanam House is a Community Resource Centre operated by the Society of Saint Vincent de Paul, which offers programmes and courses that develop skills and provide support in a wide variety of areas. We offer individuals, young and old, the opportunity to build the confidence and self-belief to develop and grow, so that they and their families can have a better future.","Arts Classes, Child Care, Active Age Group, Seniors Groups, Mental Health Support ","53 Mountjoy Square, West, Dublin 1. D01 T6W6",D01 T6W6,No,https://ozanamhouse.ie/,ozanamhouse.admin@svp.ie,01-8742804,Education;Wellbeing & Mental Health;Community & Family;Culture & the Arts;,Education,53.357,-6.258,"Monday, Tuesday, Wednesday, Thursday, Friday: 9:30am-3pm ",,,,,,,,,,,,
138,Dublin - Photo Museum Ireland ,"Photo Museum Ireland is Ireland’s national centre for contemporary photography. We present award‑winning exhibitions, publications, residencies, training, and artist services. Our free public programmes—workshops, talks, tours, and community outreach—engage diverse audiences, support practitioners, and foster critical dialogue about visual culture","photography workshops, children workshops, baby and carer workshops, exhibitions, free cultural space to visit","Meeting House Square, Temple Bar, Dublin 2",D02 X406,No,https://photomuseumireland.ie/,education@photomuseumireland.ie,N/A,Culture & the Arts;,Multiple services,53.346,-6.265,"Tuesday, Wednesday, Thursday, Friday, Saturday: 11am-6pm; Sunday: 1-5pm",,,,,,,,,,,,
328,Dublin - Places of Sanctuary Ireland,"Working through schools, colleges, churches, libraries, and communities, we establish sanctuary networks of welcome, understanding and inclusion for refugees and migrants in Irish society.  We want to ensure that refugee voices are heard and that their skills and talents are given an opportunity to flourish for the good of Irish society as a whole.","Welcome, Schools of Sanctuary, Universities of Sanctuary, Libraries of Sanctuary, Churches of Sanctuary, Sanctuary in Nature",several counties including Dublin Cork Wexford Galway Waterford,D01,No,https://ireland.cityofsanctuary.org/,schools@ireland.cityofsanctuary.org,None,"Education, Community & Family, Public Awareness & Activsm, Linking refugees with schools, universities, churches, libraries and community groups",Multiple Services,53.35,-6.26,"no, but phone email enquiries welcome any time",,,,,,,,,,,,
330,Dublin - Places of Sanctuary/Schools of Sanctuary,"We aim to build a culture of welcome, inclusion and understanding for all refugees and asylum seekers coming to Ireland. We help create spaces where refugees and other newcomers can meet and build understanding with locals, through Schools, Universities and other Places of Sanctuary.","Welcoming refugees in schools, Universities, churches, libraries and communities",Dublin,None,No,https://schools-ireland.cityofsanctuary.org/,schools@ireland.cityofsanctuary.org,None,"Employment & Training, Education, Language Support, Community & Family, Public Awareness & Activsm, Empowering and linking refugees and host communities",Education,53.35,-6.26,N/A,,,,,,,,,,,,
242,Dublin - Quarryvale FRC,"We are an FRC providing universal, early intervention and higher end programmes and services to the community. As part of our work our development worker has a special remit to engage with the Ukrainian refugee community, primarily with social activities.","childcare, therapy, baby and toddler, yoga, food bank, arts and crafts, information, advocacy,","Quarryvale FRC, Greenfort Gardens, Clondalkin, Dublin 22, D22 NW54",D22 NW54,No,quarryvalefrc.ie,community@quarryvalefrc.ie,016269151,"Information & Advice;Wellbeing & Mental Health;Community & Family;Culture & the Arts;Emergency & Homelessness Support (e.g. food, shelter, day services);Childcare, activities for parents/carers and young children, ;",Community & Family,53.35101762,-6.399844165,N/A,,,,,,,,,,,,
242,Dublin - Quarryvale FRC,"We are an FRC providing universal, early intervention and higher end programmes and services to the community. As part of our work our development worker has a special remit to engage with the Ukrainian refugee community, primarily with social activities.","childcare, therapy, baby and toddler, yoga, food bank, arts and crafts, information, advocacy,","Quarryvale FRC, Shancastle Avenue, Clondalkin, Dublin 22",D22 V6T0,No,quarryvalefrc.ie,community@quarryvalefrc.ie,016269151,"Information & Advice;Wellbeing & Mental Health;Community & Family;Culture & the Arts;Emergency & Homelessness Support (e.g. food, shelter, day services);Childcare, activities for parents/carers and young children, ;",Community & Family,53.35052449,-6.401185269,N/A,,,,,,,,,,,,
331,Dublin - Réidh Programme - YMCA Dublin,"Réidh is an education, training, and employment programme for young people aged 16-30. The programme is tailored to the young person aiming to help bridge the gap to employment, with career guidance support and skill development.","Finding work, computer classes, finding college courses, training, youth clubs, youth work, work experience.","53 Aungier Street, Dublin 2",D02CH96,No,https://www.ymca.ie/youth-spaces/reidh/,daire.power@ymca-ireland.net,084726283,"Employment & Training, Education, Youth Services",Multiple Services,53.339,-6.266,N/A,,,,,,,,,,,,
90,Dublin - Ruhama,"Ruhama offers a confidential, FREE service to women who are or have been involved in commercial sexual exploitation or prostitution. You do not need a visa to access our services.","Trafficking, sex trade, counselling, therapy, advice","4 Castle St., Dublin 2, D02 EY44.", D02 EY44.,No,https://www.ruhama.ie/,admin@ruhama,Freephone 1800 020202,Information & Advice;Education;Wellbeing & Mental Health;Public Awareness & Activism;Help for women being commercially sexually exploited in prostitution;,Multiple services,53.343,-6.27,N/A,,,,,,,,,,,,
153,Dublin - Safetynet Primary Care,"Safetynet Primary Care provide GP (Doctor) and nurse care for vulnerable people including people who are homeless, migrants, refugees and international protection applicants, who do not have access to a GP.","Need a doctor, Feeling unwell, Healthcare","60 Amiens St, Dublin 1, D01 E086",D01 E086,No,www.primarycaresafetynet.ie,info@primarycaresafetynet.ie,01 233 6990,Health Services;Wellbeing & Mental Health;Information & Advice;Language Support;,Health Services,53.355,-6.248,"Monday, Tuesday, Wednesday, Thursday, Friday: 9am - 5pm",,,,,,,,,,,,
62,"Dublin - Saint Patrick's Cathedral, Dublin","National Cathedral of Church of Ireland- a site of significant theological,  social, economic and political historical significance. The Cathedral is a place of welcome for all faiths and none. Services daily: Matins, Eucharistic and Choral Evensong. Many events are hosted throughout the year. ",Contact Community Officer to arrange a visit the Cathedral ,"Saint Patrick's Close,  Dublin 8",D08 H6X3,No,www.stpatrickscathedral.ie,Community@stpatrickscathedral.ie,014539472 ext 209,Education;Tour experiences and workshops ;,Culture & the Arts,53.339,-6.274,N/A,,,,,,,,,,,,
333,Dublin - Sanctuary Runners,"We have groups nation wide. You can find the updated list at https://sanctuaryrunners.ie/groups/  . Sanctuary Runners uses running, jogging and walking to bring together everyone in the community. Our model allows people to get to know each other and have fun while getting some exercise, especially migrants and refugees new to the community! We operate under the principles of solidarity, friendship and respect. ","Community, friendship, network, running, walking, jogging, exercise, mental health, wellbeing, parks",Corkagh Park,None,No,https://sanctuaryrunners.ie/,dublin@sanctuaryrunners.ie,None,"Wellbeing & Mental Health, Community & Family",Multiple Services,53.313,-6.416,"Yes, each group welcomes people to 'just show up'. Times vary depending on the group",,,,,,,,,,,,
334,Dublin - Sanctuary Runners,"We have groups nation wide. You can find the updated list at https://sanctuaryrunners.ie/groups/  . Sanctuary Runners uses running, jogging and walking to bring together everyone in the community. Our model allows people to get to know each other and have fun while getting some exercise, especially migrants and refugees new to the community! We operate under the principles of solidarity, friendship and respect. ","Community, friendship, network, running, walking, jogging, exercise, mental health, wellbeing, parks",Fairview,None,No,https://sanctuaryrunners.ie/,dublin@sanctuaryrunners.ie,None,"Wellbeing & Mental Health, Community & Family",Multiple Services,53.36235695,-6.232256589,"Yes, each group welcomes people to 'just show up'. Times vary depending on the group",,,,,,,,,,,,
335,Dublin - Sanctuary Runners,"We have groups nation wide. You can find the updated list at https://sanctuaryrunners.ie/groups/  . Sanctuary Runners uses running, jogging and walking to bring together everyone in the community. Our model allows people to get to know each other and have fun while getting some exercise, especially migrants and refugees new to the community! We operate under the principles of solidarity, friendship and respect. ","Community, friendship, network, running, walking, jogging, exercise, mental health, wellbeing, parks",Poolbeg,None,No,https://sanctuaryrunners.ie/,dublin@sanctuaryrunners.ie,None,"Wellbeing & Mental Health, Community & Family",Multiple Services,53.33706206,-6.208139439,"Yes, each group welcomes people to 'just show up'. Times vary depending on the group",,,,,,,,,,,,
336,Dublin - Sanctuary Runners,"We have groups nation wide. You can find the updated list at https://sanctuaryrunners.ie/groups/  . Sanctuary Runners uses running, jogging and walking to bring together everyone in the community. Our model allows people to get to know each other and have fun while getting some exercise, especially migrants and refugees new to the community! We operate under the principles of solidarity, friendship and respect. ","Community, friendship, network, running, walking, jogging, exercise, mental health, wellbeing, parks",Poppintree Park,None,No,https://sanctuaryrunners.ie/,dublin@sanctuaryrunners.ie,None,"Wellbeing & Mental Health, Community & Family",Multiple Services,53.39768363,-6.28249875,"Yes, each group welcomes people to 'just show up'. Times vary depending on the group",,,,,,,,,,,,
50,Dublin - SAOL Project CLG,"SAOl is a service for women who have difficulties with alcohol or drugs or any other addiction.  We offer day programmes, support for women with domestic violence where addiction is present too; and a service for women with difficulties related to the criminal justice system.  We are feminist, trauma-informed and are only for women.","Addiction, alcohol use, drug use, groupwork, key-working, domestic violence support, women-only support","58 Amiens Street, dublin 1",D01K253,No,www.saolproject.ie,admin@saolproject.ie,01 8553391,"Health Services;Information & Advice;Education;Wellbeing & Mental Health;Community & Family;Emergency & Homelessness Support (e.g. food, shelter, day services);",Multiple services,53.354,-6.269,"Tuesday, Wednesday, Thursday: 10am-1pm",,,,,,,,,,,,
50,Dublin - SAOL Project CLG,"SAOl is a service for women who have difficulties with alcohol or drugs or any other addiction.  We offer day programmes, support for women with domestic violence where addiction is present too; and a service for women with difficulties related to the criminal justice system.  We are feminist, trauma-informed and are only for women.","Addiction, alcohol use, drug use, groupwork, key-working, domestic violence support, women-only support","82 Amiens Street, dublin 1",D01AK23,No,www.saolproject.ie,admin@saolproject.ie,01 8553391,"Health Services;Information & Advice;Education;Wellbeing & Mental Health;Community & Family;Emergency & Homelessness Support (e.g. food, shelter, day services);",Multiple services,53.35444857,-6.246714029,"Tuesday, Wednesday, Thursday: 10am-1pm",,,,,,,,,,,,
141,Dublin - Sonas domestic violence charity ,Sonas provide support services to women and children experiencing domestic abuse in the Greater Dublin area. ,"Domestic Abuse, coercive control, family courts ",None,Greater Dublin area ,No,www.domesticabuse.ie,support@sonasdomesticabuse.ie ,1800 222 223 ,Information & Advice;Education;Housing support;Community & Family;Youth Services;Public Awareness & Activism;Domestic Violence ;,Domestic Abuse services ,53.3474351,-6.258354052,N/A,,,,,,,,,,,,
215,Dublin - South Dublin County Council - Local Authority Integration Team,"Local Authority Integration Team: (LAIT) guides people to services they require to integrate into the community. The team are connected with relevant services across the county.
LAIT conducts group Information sessions, as well as confidential clinics with individuals to understand their specific support needs.

",None,"South Dublin County Council, County Hall, Tallaght, Dublin 24, D24YNN5",D24YNN5,No,https://www.sdcc.ie/en/services/community/local-authority-integration-team/,integration@sdublincoco.ie,N/A,"Information & Advice, Employment & Training, Public Awareness & Activsm",Information & Advice,53.289,-6.373,Available: No time given,,,,,,,,,,,,
338,Dublin - South Dublin County Partnership (SDCP),"SDCP provides social support and integration work for refugees and asylum seekers with: Physical Health/Wellbeing, Social Welfare, Education, Limited Language Supports, Activities/Social Supports, Employment Support, and other issues risen by attendees, during our weekly clinics within our catchment area.","Social support, Health issues, English classes, Help with forms, Employment support, Wellbeing, Activities","Mountain Park Centre For Creative Learning, Tallaght, Dublin 24, D24 HDT0",D24 HDT0,No,https://sdcpartnership.ie/,None,None,"Health Services, Information & Advice, Employment & Training, Education, Language Support, Wellbeing & Mental Health, Youth Services, Public Awareness & Activsm, Signposting ",Information & Advice,53.285,-6.358,"Yes, in line with the schedule",,,,,,,,,,,,
133,Dublin - South Dublin Volunteer Centre,"We support migrants, refugees and people seeking asylum to engage in volunteering in the community.  ","volunteering, helping others, finding voluntary work ","County Hall, Tallaght",D24 A3XC,No,www.volunteersouthdublin.ie,info@volunteersouthdublin.ie,014628558,Community & Family;Public Awareness & Activism;,Public Awareness & Activism,53.29,-6.373,"Tuesday, Wednesday, Thursday, Friday: 10am-1pm",,,,,,,,,,,,
133,Dublin - South Dublin Volunteer Centre,"We support migrants, refugees and people seeking asylum to engage in volunteering in the community.  ","volunteering, helping others, finding voluntary work ","Civic Centre, Clondalkin",,No,www.volunteersouthdublin.ie,info@volunteersouthdublin.ie,014628558,Community & Family;Public Awareness & Activism;,Public Awareness & Activism,53.3236,-6.39495,"Tuesday, Wednesday, Thursday, Friday: 10am-1pm",,,,,,,,,,,,
133,Dublin - South Dublin Volunteer Centre,"We support migrants, refugees and people seeking asylum to engage in volunteering in the community.  ","volunteering, helping others, finding voluntary work ",Citywest Transit Hub,,No,www.volunteersouthdublin.ie,info@volunteersouthdublin.ie,014628558,Community & Family;Public Awareness & Activism;,Public Awareness & Activism,53.2863179,-6.443449574,"Tuesday, Wednesday, Thursday, Friday: 10am-1pm",,,,,,,,,,,,
202,Dublin - Southside Partnership DLR CLG,"We are a local development company in Dún Laoghaire-Rathdown delivering employment, social inclusion, and community programmes, including supports for International Protection applicants, refugees, and health and wellbeing initiatives.","Accessing services, CV Development, Training opportunities, Individual applications, Translation services, general information and guidance as well as event guides and opportunities, accessing education, and more.","Blackrock, County Dublin",A94 E8R6,No,https://southsidepartnership.ie/,info@sspship.ie,01 706 0100,Information & Advice;Employment & Training;Wellbeing & Mental Health;Community & Family;Education;Language Support;,Multiple services,53.303,-6.178,Wednesday: 10am-4pm. Registration is essential so that we can give enough time to individuals' needs. ,,,,,,,,,,,,
209,Dublin - Spirasi,"Spirasi provides holistic rehabilitation services to survivors of torture across Ireland, including medico-legal reports, psychosocial support, therapeutic services, a Befriending programme and English language classes.","Torture, therapy, psychosocial support, English classes, Befriending, medical report","213 North Circular Road, Phibsborough, Dublin 7",D07 KH9C,No,www.spirasi.ie,info@spirasi.ie,01-8389664,"Health Services, Information & Advice, Education, Language Support, Housing Support, Wellbeing & Mental Health, Community & Family",Multiple Services,53.358,-6.285,N/A,,,,,,,,,,,,
171,Dublin - Tallaght Community Arts,"We create work in the heart of communities; in schools, community gardens, football stadiums, individual’s homes and arts spaces. We often work with people not well represented in our society, opening up the transforming power of the arts to a diverse group of people.","Drama, Theatre, the Arts, community events, music, dance, workshops, arts and crafts, family, accessibility, participatory, community, visual art, graffiti, multimedia ","Rua Red Arts Centre, Tallaght, Dublin 24",D24 KV8N,No,https://tallaght-arts.ie/,info@tallaght-arts.ie,0862706581,Community & Family;Culture & the Arts;,Culture & the Arts,53.289,-6.373,N/A,,,,,,,,,,,,
197,Dublin - TCA ( Tallaght Community Arts) South Dublin Participatory Arts - D24TDK2,"We are a participatory arts org putting people at the centre of our work, using the arts as a means of connection, activism and building sustainable comunities.",Connect through creativity.,"TCA South Dublin participatory arts, The Making Space hub, Mountain Park, Tallaght, Dublin 24. D24TDK2",D24TDK2,No,www.tallaght-arts.ie,info@tallaght-arts.ie,0862706581,Culture & the Arts;,Culture & the Arts,53.285,-6.359,N/A,,,,,,,,,,,,
197,Dublin - TCA ( Tallaght Community Arts) South Dublin Participatory Arts - D24TDK2,"We are a participatory arts org putting people at the centre of our work, using the arts as a means of connection, activism and building sustainable comunities.",Connect through creativity.,"TCA, Rua Red Arts Centre, Parthalon Place, Tallaght, D.24. ",D24KV8N,No,www.tallaght-arts.ie,info@tallaght-arts.ie,0862706581,Culture & the Arts;,Culture & the Arts,53.2882509,-6.372901132,N/A,,,,,,,,,,,,
340,Dublin - The Clondalkin Intercultural Centre (a project of South Dublin County Partnership),The Centre is an open and welcoming space that aims to provide services and support to members of the local migrant community as they integrate into Irish sociate. ,None,Unit 4. Oakfield Industrial Estate. Clondalkin. Dublin 22.,D22 EF60,No,https://sdcpartnership.ie/,receptioncic@sdcpartnership.ie,01 4030796,"Information & Advice, Language Support",Multiple Services,53.326,-6.393,N/A,,,,,,,,,,,,
75,Dublin - The Liberties Community Project,"The Liberties Community Project deliver the following activities targeted primarily at the new Irish community with a particular focus on IPAS clients. Delivery of a curriculum of 34 weekly education classes and activities, operation of an open kitchen facility providing IPAS clients with access to cooking facilities, operation of an Employment Training Programme, delivery of out of term camps for young people and facilitation of advice clinics for all IPAS clients.","Finding work, English classes, help with forms","90 Meath Street, Dublin 8  ",D08TPH9,No,https://thelibertiescommunityproject.ie/,olenap@thelibertiescommunityproject.ie,0877117224,Information & Advice;Employment & Training;Education;Language Support;Wellbeing & Mental Health;Community & Family;Youth Services;Culture & the Arts;Environment;,Multiple services,53.342,-6.299,"Monday, Tuesday, Thursday, Friday, Saturday: 9 am to 5 pm",,,,,,,,,,,,
69,Dublin - The Little Flower Penny Dinners,We provide free hot meals Monday to Friday from 12-1pm. Everyone Welcome.,"Food, poverty, meals,",11 Meath Street Dublin ,D08 AC91,No,www.littleflower.ie,info@littleflower.ie,01 453 6621,"Emergency & Homelessness Support (e.g. food, shelter, day services);",Meals,53.342,-6.282,"Monday, Tuesday, Wednesday, Thursday, Friday: 12-1pm",,,,,,,,,,,,
112,Dublin - Ukrainian Crisis Centre Ireland - UCCI ,"Ukrainian Crisis Centre Ireland (UCCI) supports Ukrainians displaced by war through free weekly activities, mental health services, integration programmes, and educational support. We offer a safe, inclusive space for families, youth, and individuals to connect, heal, and grow. Based in Dublin, we collaborate with local and national partners across Ireland.","English classes, cultural events, support for Ukrainians, mental health support, activities for children.","The GEC, Taylor's Lane, Dublin 8",D08DDE9 ,No,UCCI.ie,info@ucci.ie,0894425522,Information & Advice;Employment & Training;Education;Language Support;Wellbeing & Mental Health;Community & Family;Culture & the Arts;,Multiple services,53.342,-6.285,N/A,,,,,,,,,,,,
10,Dublin - Wadajir Somali Association Ireland CLG,"Wadajir Somali Association Ireland is a community-led organisation supporting Somali migrants. We provide help with integration, language, employment, housing, family reunification, and cultural activities. Our services include translation, form-filling, and connecting people to essential resources, empowering them to thrive and contribute positively to Irish society.","Translation, form-filling, and connecting people to essential resources. ",47 Phibsborough Road ,D07 CF77,No,Www.wadajirsa.ie,support@wadajirsa.ie,0899616024,Information & Advice;,Information & Advice,53.359,-6.276,"Monday, Tuesday, Wednesday, Thursday, Friday, Saturday, Sunday: 11am-6pm",,,,,,,,,,,,
128,Dublin - We Make Good,"We Make Good supports refugees by providing a three-year training and employment program in sewing and textile manufacturing. This initiative empowers participants with practical skills, fair wages, and work experience, helping them integrate into Irish society, gain independence, and build sustainable careers in ethical design and social enterprise.","Sewing jobs, Textile training, Learn sewing, Sewing work Ireland, Refugee job sewing, Sewing course Dublin, Work with fabrics, Sewing factory training, Tailoring skills, sewing, fashion","24 Mountjoy Square, Dublin 1",D01 VP29,No,wemakegood.ie,info@wemakegood.ie,N/A,Employment & Training;,Employment & Training,53.358,-6.257,N/A,,,,,,,,,,,,
,Fermanagh - Aman Association,Aman Association is a County Fermanagh based charity who are happy to welcome and support refugees and asylum seekers where we can.,"English Classes, Advice and support, help with forms","100 Irvinestown Rd, Enniskillen, BT74 5LP",BT74 5LP,No,https://amanfermanagh.co.uk/,contact@amanfermanagh.co.uk,None,Information & Advice;Education;Language Support;Wellbeing & Mental Health;Community & Family;Youth Services;Public Awareness & Activism;,Community & Family,54.35998468,-7.633706293,N/A,,,,,,,,,,,,
181,Galway - A.S.S.C. Accompaniment Support Services for Children,"A.S.S.C. support young people who are victims and witnesses to crime. A.S.S.C. provides  Forensic Accompaniment, Court Accompaniment and phone Support for the families of those affected. A.S.S.C. extends its onsite support to the families and carers of the young person called to give evidence in Criminal Court.","Child, Young Person, Minor, Victim of Crime, Witness to Crime, Witness to Domestic Abuse, Going to court as a witness, District Court, Circuit Court, Circuit Criminal Court. Sexual Assault Treatment Unit, Child and Adolescent Sexual Assault Treatment Service.  ","Dublin, Galway & Cork (Nationwide)",None - not a public office,No,www.assc.ie,support@assc.ie,0832030209 or 0879937392,"Information & Advice;Wellbeing & Mental Health;Onsite Court Accompaniments Nationwide for young witnesses/victims of crime and their families, Onsite Forensic Accompaniment in Sexual Assault Treatment Units in Cork, Dublin and Galway and Phone Support for Families;",Multiple services,53.2740581,-9.051321421,N/A,,,,,,,,,,,,
102,Galway - AkiDwA (A Network of Migrant Women),"Established in 2001, Akina Dada wa Africa-AkiDwA (Swahili for sisterhood) is a national network of migrant women living in Ireland.  The organisation promotes the equality of migrant women in Irish society, free of gender and racial stereotyping and applies a holistic approach to integration, promoting a migrant and gender-specific approach to public services, as well as encouraging migrant women’s access to mainstream services and initiatives. AkiDwA employs several strategies to achieve its objectives, outreach, networking, research, policy work and capacity building. AkiDwA focuses on Key thematic Areas: DSGBV, Health & Integration","Advise of FGM victim support, Conversational English Classes, Women Health, DSGBV, Employment support, mother & baby club, peer support, recreational/cultural activities","Ozanam House, St Augustine St, Galway H91 V3PV",H91 V3PV,No,www.akidwa.ie,projectcoordinator@akidwa.ie,0833560080,Information & Advice;Employment & Training;Language Support;Community & Family;Public Awareness & Activism;Culture & the Arts;Female Genital Mutilation(FGM);Health Services;,Multiple services,53.27213612,-9.050741043,N/A,,,,,,,,,,,,
132,Galway - AMACH! LGBT Galway,"We are an LGBT+ Community Development Organisation based in Galway City. We support the LGBT+ community and explicitly members of the LGBT+ community who are migrants, new arrivals, seeking International Protection and living in Direct Provision and Emergency Accommodation.","Peer support, support, social groups, community","Teach Solais LGBT+ Resource Centre, 1 Courthouse Square, Galway, H91 V2F21",H91 VF21,No,https://amachlgbt.com,info@amachlgbt.com,N/A,Information & Advice;Community & Family;Wellbeing & Mental Health;Public Awareness & Activism;Culture & the Arts;,Community & Family,53.277,-9.055,N/A,,,,,,,,,,,,
343,Galway - Bridge,One-to-One Information and Advocacy support ,"advocacy, support, resource, skills, dialogue, intercultural, english classes, culture, integration","3 The Plaza, Headford Road, Galway","	
H91X297",No,www.gcp.ie,mika@gcp.ie,087 930 3468,"Information & Advice, Employment & Training, Education, Language Support, Community & Family, Youth Services, Public Awareness & Activsm",Information & Advice,53.279,-9.05,N/A,,,,,,,,,,,,
344,"Galway - BRIDGE (Building a Receptive and Integrated Galway of Equals) Project, Galway City Partnership",One-to-One Information and Advocacy support ,one-to-one information and advocacy,"3 The Plaza, Headford Road, Galway",not sure,No,www.gcp.ie,mika@gcp.ie,087 930 3468,"Information & Advice, Employment & Training, Education, Language Support, Community & Family, Youth Services, Public Awareness & Activsm",Information & Advice,53.274,-9.051,N/A,,,,,,,,,,,,
70,Galway - Croí na Gaillimhe Resource Centre SVP,Croí na Gaillimhe is an intercultural and intergenerational resource centre. It runs weekly conversational English classes from Sept-June. Other programmes are also run on occasion throughout the year. ,english class,1 Mill St. Galway,H91 AK65,No,https://www.svp.ie/stores/croi-na-gaillmhe-resource-centre/,cait.gleeson@svp.ie,091 895203,Community & Family;Language Support;,Language Support,53.272,-9.079,N/A,,,,,,,,,,,,
154,Galway - Fáilte Isteach,"Fáilte Isteach is a conversational English language project involving predominantly older volunteer tutors welcoming migrants and refugees through free, accessible classes. It's a community-based project offering a welcoming space for all. We currently have 200 active locations across 26 counties in Ireland.","Conversational English Classes, Fáilte Isteach, Improve English Conversational Skills, Free English Classes",Office address is Summerhill in Meath but we have group locations across Ireland. All classes are listed here: https://www.thirdageireland.ie/failte-isteach/locations ,A83 PW94,No,https://www.thirdageireland.ie/failte-isteach,failteisteach@thirdageireland.ie,(046) 9557766,Language Support,Language Support,53.483,-6.74,"Available: All classes are available for drop in, although learners are encourage to attend regularly when possible., No time given",,,,,,,,,,,,
345,Galway - Galway City Council,Galway city council local authority integration team,information and support,"10A college road, galway city",H91 X4K8,No,https://www.galwaycity.ie/services/community/community-services/local-authority-integration-team-lait,integrationsupport@galwaycity.ie,091536400,"Health Services, Information & Advice, Employment & Training, Education, Language Support, Housing Support, Wellbeing & Mental Health, Community & Family, Youth Services, Legal Advice, Public Awareness & Activsm",Multiple Services,53.276,-9.043,N/A,,,,,,,,,,,,
221,Galway - Galway City Partnership,"GCP provides support to asylum seekers and refugees in Galway through the BRIDGE project, SICAP, the Migrant Support Service, Social Prescribing LAES, WorkAbility and HSE Health Peer Support. These projects support individuals with english language, employment, advocacy, integration, health, legal advice, while also enhancing access, participation, and wellbeing for all new arrivals.","English classes, legal advice, visa advice, finding work, help with forms, youth activities, health support, mental health, courses, training, IPAS help","3 The Plaza Offices, Headford Road, Galway",H91 KC6V,No,www.gcp.ie,info@gcp.ie,091 773466,Health Services;Information & Advice;Employment & Training;Education;Language Support;Wellbeing & Mental Health;Community & Family;Youth Services;Culture & the Arts;Legal Advice;Public Awareness & Activism;,Multiple services,53.27874579,-9.049676443,N/A,,,,Yes,,,,,,,,
346,Galway - Galway City Partnership - Ukrainian Response Team,"The Ukrainian Response Team is a part of Galway City Partnership which is a local and community development company tackling disadvantage and social exclusion in Galway city since 1996. The Team is responding to the influx of Ukrainian refugees since July 2023 in Galway providing support, advice and information to the Ukrainian community.","link to services, English classes, help with forms, Employment support, Access to education support, CV support, Training, wellbeing, support in Ukrainian","Ukrainian Response Team, Westside Resource Centre, Seamus Quirke Road, Galway, H91 C1KX ",H91 C1KX,No,https://gcp.ie/,Ukrainiansupport@gcp.ie,0851273069,Information & Advice,Information & Advice,53.278,-9.074,Yes: 10am - 3pm ,,,,,,,,,,,,
221,Galway - Galway City Partnership (LAES & Bridge Project),"GCP provides support to asylum seekers and refugees in Galway through the BRIDGE project, SICAP, the Migrant Support Service, Social Prescribing LAES, WorkAbility and HSE Health Peer Support. These projects support individuals with english language, employment, advocacy, integration, health, legal advice, while also enhancing access, participation, and wellbeing for all new arrivals.","English classes, legal advice, visa advice, finding work, help with forms, youth activities, health support, mental health, courses, training, IPAS help","LAES & Bridge Project base - 2nd floor, The Plaza Offices, Headford Road, Galway, H91 KC6V",H91 KC6V,No,www.gcp.ie,info@gcp.ie,091 773466,Health Services;Information & Advice;Employment & Training;Education;Language Support;Wellbeing & Mental Health;Community & Family;Youth Services;Culture & the Arts;Legal Advice;Public Awareness & Activism;,Multiple services,53.27874579,-9.049676443,N/A,,,,,,,,,,,,
221,Galway - Galway City Partnership (WorkAbility & SICAP),"GCP provides support to asylum seekers and refugees in Galway through the BRIDGE project, SICAP, the Migrant Support Service, Social Prescribing LAES, WorkAbility and HSE Health Peer Support. These projects support individuals with english language, employment, advocacy, integration, health, legal advice, while also enhancing access, participation, and wellbeing for all new arrivals.","English classes, legal advice, visa advice, finding work, help with forms, youth activities, health support, mental health, courses, training, IPAS help","WorkAbility & SICAP Goal 1 base - Ballybane Resource Centre, Castlepark Road, Ballybane, Galway",H91VP6D,No,www.gcp.ie,info@gcp.ie,091 773466,Health Services;Information & Advice;Employment & Training;Education;Language Support;Wellbeing & Mental Health;Community & Family;Youth Services;Culture & the Arts;Legal Advice;Public Awareness & Activism;,Multiple services,53.28840339,-8.996004139,N/A,,,,,,,,,,,,
46,Galway - Galway County Council Integration Team,"Integration Supports for IPA's, BOTP's, and persons with status","Integration supports: finding work, help with forms, link to community services, English classes.","Galway County Council, Prospect Hill, Galway", H91 H6KX,No,galway.ie,integration@galwaycoco.ie,N/A,Community & Family;Integration Supports;,Multiple services,53.276,-9.069,N/A,,,,,,,,,,,,
108,Galway - Galway Rape Crisis Centre,"The Galway Rape Crisis Centre (GRCC) provides free, confidential support to individuals aged 14 and up who have been affected by sexual violence and abuse. We offer a range of services including counselling, education and training, advocacy, and accompaniment. Our freephone helpline (1800 355 355) offers emotional support, information, and guidance.","Counselling, rape, support, sexual assault, help, therapy, crisis support, help after rape, abuse, SATU accompaniment, sexual violence support, support for teenagers, therapy for survivors, free counselling, support for friends and family, advocacy services, court accompaniment, sexual abuse support, Galway support services, helpline for sexual violence, education on consent, support for survivors",7 Claddagh Quay Galway,H91 WPF6,No,https://galwayrcc.ie/,helpline@grcc.ie,091 564800        1800 355 355,Information & Advice;Education;Wellbeing & Mental Health;,Multiple services,53.27,-9.056,"Monday, Tuesday, Wednesday, Thursday, Friday, Saturday, Sunday: 9.30am-5.30pm",,,,,,,,,,,,
34,Galway - Galway Roscommon Education and Training Board,GRETBs Further Education and Training Service provides courses from level 1 to 6 on the National Framework of Qualifications.  We also provide and Information and Guidance Service for people who would like to return to education.  ,"English classes, Further Education courses, Training courses, Educational Information and Guidance ","GRETB FET Centre Glenamaddy, Old Kilkerrin Road, Glenamaddy, Co Galway",F45 FH04,No,www.gretb.ie,guidance@gretb.ie,1800 140 242,Education;,Education,53.60463266,-8.556348234,"Monday, Tuesday, Wednesday, Thursday, Friday. Our centres are open throughout the week for people to drop in and find out more about the courses we offer.",,,,,,,,,,,,
34,Galway - Galway Roscommon Education and Training Board,GRETBs Further Education and Training Service provides courses from level 1 to 6 on the National Framework of Qualifications.  We also provide and Information and Guidance Service for people who would like to return to education.  ,"English classes, Further Education courses, Training courses, Educational Information and Guidance ","GRETB Training Centre, Mervue Business Park, Galway",H91 CDW6,No,www.gretb.ie,guidance@gretb.ie,1800 140 242,Education;,Education,53.28644294,-9.024677871,"Monday, Tuesday, Wednesday, Thursday, Friday. Our centres are open throughout the week for people to drop in and find out more about the courses we offer.",,,,,,,,,,,,
34,Galway - Galway Roscommon Education and Training Board,GRETBs Further Education and Training Service provides courses from level 1 to 6 on the National Framework of Qualifications.  We also provide and Information and Guidance Service for people who would like to return to education.  ,"English classes, Further Education courses, Training courses, Educational Information and Guidance ","GABES, New Dock Street, Galway",H91 CKV0,No,www.gretb.ie,guidance@gretb.ie,1800 140 242,Education;,Education,53.27255778,-9.046265764,"Monday, Tuesday, Wednesday, Thursday, Friday. Our centres are open throughout the week for people to drop in and find out more about the courses we offer.",,,,,,,,,,,,
34,Galway - Galway Roscommon Education and Training Board,GRETBs Further Education and Training Service provides courses from level 1 to 6 on the National Framework of Qualifications.  We also provide and Information and Guidance Service for people who would like to return to education.  ,"English classes, Further Education courses, Training courses, Educational Information and Guidance ","GRETB FET Centre Casla, Co. na Gaillimhe ",H91 XP6E,No,www.gretb.ie,guidance@gretb.ie,1800 140 242,Education;,Education,53.2930915,-9.544715764,"Monday, Tuesday, Wednesday, Thursday, Friday. Our centres are open throughout the week for people to drop in and find out more about the courses we offer.",,,,,,,,,,,,
34,Galway - Galway Roscommon Education and Training Board,GRETBs Further Education and Training Service provides courses from level 1 to 6 on the National Framework of Qualifications.  We also provide and Information and Guidance Service for people who would like to return to education.  ,"English classes, Further Education courses, Training courses, Educational Information and Guidance ","GRETB FET Centre Clifden, Co. Galway ",H71 HD68,No,www.gretb.ie,guidance@gretb.ie,1800 140 242,Education;,Education,53.49140022,-10.01438341,"Monday, Tuesday, Wednesday, Thursday, Friday. Our centres are open throughout the week for people to drop in and find out more about the courses we offer.",,,,,,,,,,,,
34,Galway - Galway Roscommon Education and Training Board,GRETBs Further Education and Training Service provides courses from level 1 to 6 on the National Framework of Qualifications.  We also provide and Information and Guidance Service for people who would like to return to education.  ,"English classes, Further Education courses, Training courses, Educational Information and Guidance ","GRETB FET Centre Gort, Co. Galway",H91 W443,No,www.gretb.ie,guidance@gretb.ie,1800 140 242,Education;,Education,53.06489545,-8.807982275,"Monday, Tuesday, Wednesday, Thursday, Friday. Our centres are open throughout the week for people to drop in and find out more about the courses we offer.",,,,,,,,,,,,
34,Galway - Galway Roscommon Education and Training Board,GRETBs Further Education and Training Service provides courses from level 1 to 6 on the National Framework of Qualifications.  We also provide and Information and Guidance Service for people who would like to return to education.  ,"English classes, Further Education courses, Training courses, Educational Information and Guidance ","GRETB FET Centre Headford, Abbey House, Main Street, Headford, Co. Galway",H91 DD29,No,www.gretb.ie,guidance@gretb.ie,1800 140 242,Education;,Education,53.47102469,-9.099719668,"Monday, Tuesday, Wednesday, Thursday, Friday. Our centres are open throughout the week for people to drop in and find out more about the courses we offer.",,,,,,,,,,,,
34,Galway - Galway Roscommon Education and Training Board,GRETBs Further Education and Training Service provides courses from level 1 to 6 on the National Framework of Qualifications.  We also provide and Information and Guidance Service for people who would like to return to education.  ,"English classes, Further Education courses, Training courses, Educational Information and Guidance ","GRETB FET Centre Loughrea, Abbey Street, Loughrea, Co. Galway",H62 T262,No,www.gretb.ie,guidance@gretb.ie,1800 140 242,Education;,Education,53.20226144,-8.566159849,"Monday, Tuesday, Wednesday, Thursday, Friday. Our centres are open throughout the week for people to drop in and find out more about the courses we offer.",,,,,,,,,,,,
34,Galway - Galway Roscommon Education and Training Board,GRETBs Further Education and Training Service provides courses from level 1 to 6 on the National Framework of Qualifications.  We also provide and Information and Guidance Service for people who would like to return to education.  ,"English classes, Further Education courses, Training courses, Educational Information and Guidance ","GRETB FET Centre Moycullen, Co. Galway",H91 PXK4,No,www.gretb.ie,guidance@gretb.ie,1800 140 242,Education;,Education,53.33898067,-9.172497349,"Monday, Tuesday, Wednesday, Thursday, Friday. Our centres are open throughout the week for people to drop in and find out more about the courses we offer.",,,,,,,,,,,,
34,Galway - Galway Roscommon Education and Training Board,GRETBs Further Education and Training Service provides courses from level 1 to 6 on the National Framework of Qualifications.  We also provide and Information and Guidance Service for people who would like to return to education.  ,"English classes, Further Education courses, Training courses, Educational Information and Guidance ","GRETB FET Centre Oughterard, Co. Galway",H91 ADW7,No,www.gretb.ie,guidance@gretb.ie,1800 140 242,Education;,Education,53.43200707,-9.311498334,"Monday, Tuesday, Wednesday, Thursday, Friday. Our centres are open throughout the week for people to drop in and find out more about the courses we offer.",,,,,,,,,,,,
34,Galway - Galway Roscommon Education and Training Board,GRETBs Further Education and Training Service provides courses from level 1 to 6 on the National Framework of Qualifications.  We also provide and Information and Guidance Service for people who would like to return to education.  ,"English classes, Further Education courses, Training courses, Educational Information and Guidance ","GRETB FET Centre Ballinasloe, Co. Galway",H53 A5F1,No,www.gretb.ie,guidance@gretb.ie,1800 140 242,Education;,Education,53.33457624,-8.225847381,"Monday, Tuesday, Wednesday, Thursday, Friday. Our centres are open throughout the week for people to drop in and find out more about the courses we offer.",,,,,,,,,,,,
34,Galway - Galway Roscommon Education and Training Board,GRETBs Further Education and Training Service provides courses from level 1 to 6 on the National Framework of Qualifications.  We also provide and Information and Guidance Service for people who would like to return to education.  ,"English classes, Further Education courses, Training courses, Educational Information and Guidance ","Galway Community College Further Education, Wellpark Rd, Galway ",H91 K642,No,www.gretb.ie,guidance@gretb.ie,1800 140 242,Education;,Education,53.28553349,-9.028764755,"Monday, Tuesday, Wednesday, Thursday, Friday. Our centres are open throughout the week for people to drop in and find out more about the courses we offer.",,,,,,,,,,,,
34,Galway - Galway Roscommon Education and Training Board,GRETBs Further Education and Training Service provides courses from level 1 to 6 on the National Framework of Qualifications.  We also provide and Information and Guidance Service for people who would like to return to education.  ,"English classes, Further Education courses, Training courses, Educational Information and Guidance ","Galway Technical Institute (GTI), Fr Griffin Road, Claddagh, Galway", H91 KA49,No,www.gretb.ie,guidance@gretb.ie,1800 140 242,Education;,Education,53.26952526,-9.054518171,"Monday, Tuesday, Wednesday, Thursday, Friday. Our centres are open throughout the week for people to drop in and find out more about the courses we offer.",,,,,,,,,,,,
34,Galway - Galway Roscommon Education and Training Board,GRETBs Further Education and Training Service provides courses from level 1 to 6 on the National Framework of Qualifications.  We also provide and Information and Guidance Service for people who would like to return to education.  ,"English classes, Further Education courses, Training courses, Educational Information and Guidance ","GRETB FET Centre Athenry, Station Rd, Athenry, Co Galway",H65 X051,No,www.gretb.ie,guidance@gretb.ie,1800 140 242,Education;,Education,53.30348843,-8.742546857,"Monday, Tuesday, Wednesday, Thursday, Friday. Our centres are open throughout the week for people to drop in and find out more about the courses we offer.",,,,,,,,,,,,
34,Galway - Galway Roscommon Education and Training Board,GRETBs Further Education and Training Service provides courses from level 1 to 6 on the National Framework of Qualifications.  We also provide and Information and Guidance Service for people who would like to return to education.  ,"English classes, Further Education courses, Training courses, Educational Information and Guidance ","GRETB FET Centre Tuam, Airglooney House, Ballygaddy Road, Tuam, Co. Galway",H54 C597,No,www.gretb.ie,guidance@gretb.ie,1800 140 242,Education;,Education,53.53178235,-8.870334951,"Monday, Tuesday, Wednesday, Thursday, Friday. Our centres are open throughout the week for people to drop in and find out more about the courses we offer.",,,,,,,,,,,,
34,Galway - Galway Roscommon Education and Training Board,GRETBs Further Education and Training Service provides courses from level 1 to 6 on the National Framework of Qualifications.  We also provide and Information and Guidance Service for people who would like to return to education.  ,"English classes, Further Education courses, Training courses, Educational Information and Guidance ","GRETB FET Centre Dunmore, Tuam Road, Dunmore, Co. Galway",H54 Y827,No,www.gretb.ie,guidance@gretb.ie,1800 140 242,Education;,Education,53.61906155,-8.738846251,"Monday, Tuesday, Wednesday, Thursday, Friday. Our centres are open throughout the week for people to drop in and find out more about the courses we offer.",,,,,,,,,,,,
34,Galway - Galway Roscommon Education and Training Board,GRETBs Further Education and Training Service provides courses from level 1 to 6 on the National Framework of Qualifications.  We also provide and Information and Guidance Service for people who would like to return to education.  ,"English classes, Further Education courses, Training courses, Educational Information and Guidance ","GRETB FET Centre Portumna, Old Vocational School, Portumna, Co. Galway",H53 A263,No,www.gretb.ie,guidance@gretb.ie,1800 140 242,Education;,Education,53.09651735,-8.214194738,"Monday, Tuesday, Wednesday, Thursday, Friday. Our centres are open throughout the week for people to drop in and find out more about the courses we offer.",,,,,,,,,,,,
34,Galway - Galway Roscommon Education and Training Board,GRETBs Further Education and Training Service provides courses from level 1 to 6 on the National Framework of Qualifications.  We also provide and Information and Guidance Service for people who would like to return to education.  ,"English classes, Further Education courses, Training courses, Educational Information and Guidance ","GRETB FET Centre Tuam, Chapel Lane, Tuam, Co. Galway ",H54 YC42,No,www.gretb.ie,guidance@gretb.ie,1800 140 242,Education;,Education,53.51763201,-8.844635708,"Monday, Tuesday, Wednesday, Thursday, Friday. Our centres are open throughout the week for people to drop in and find out more about the courses we offer.",,,,,,,,,,,,
34,Galway - Galway Roscommon Education and Training Board,GRETBs Further Education and Training Service provides courses from level 1 to 6 on the National Framework of Qualifications.  We also provide and Information and Guidance Service for people who would like to return to education.  ,"English classes, Further Education courses, Training courses, Educational Information and Guidance ","GRETB FET Centre Tuam , Weir Road, Tuam, Co. Galway",H54 X938,No,www.gretb.ie,guidance@gretb.ie,1800 140 242,Education;,Education,53.51733261,-8.859001885,"Monday, Tuesday, Wednesday, Thursday, Friday. Our centres are open throughout the week for people to drop in and find out more about the courses we offer.",,,,,,,,,,,,
34,Galway - Galway Roscommon Education and Training Board,GRETBs Further Education and Training Service provides courses from level 1 to 6 on the National Framework of Qualifications.  We also provide and Information and Guidance Service for people who would like to return to education.  ,"English classes, Further Education courses, Training courses, Educational Information and Guidance ","GRETB FET Centre Tuam Road, Galway City",H91 Y8C2,No,www.gretb.ie,guidance@gretb.ie,1800 140 242,Education;,Education,53.28499492,-9.028539398,"Monday, Tuesday, Wednesday, Thursday, Friday. Our centres are open throughout the week for people to drop in and find out more about the courses we offer.",,,,,,,,,,,,
34,Galway - Galway Roscommon Education and Training Board,GRETBs Further Education and Training Service provides courses from level 1 to 6 on the National Framework of Qualifications.  We also provide and Information and Guidance Service for people who would like to return to education.  ,"English classes, Further Education courses, Training courses, Educational Information and Guidance ","GRETB FET Centre Letterfrack, Co. Galway",H91 FY9W,No,www.gretb.ie,guidance@gretb.ie,1800 140 242,Education;,Education,53.55525919,-9.940610277,"Monday, Tuesday, Wednesday, Thursday, Friday. Our centres are open throughout the week for people to drop in and find out more about the courses we offer.",,,,,,,,,,,,
34,Galway - Galway Roscommon Education and Training Board,GRETBs Further Education and Training Service provides courses from level 1 to 6 on the National Framework of Qualifications.  We also provide and Information and Guidance Service for people who would like to return to education.  ,"English classes, Further Education courses, Training courses, Educational Information and Guidance ","GRETB FET Centre Rosmuc, Ros Muc, Co. na Gaillimhe ",H91 K761,No,www.gretb.ie,guidance@gretb.ie,1800 140 242,Education;,Education,53.38263687,-9.57990334,"Monday, Tuesday, Wednesday, Thursday, Friday. Our centres are open throughout the week for people to drop in and find out more about the courses we offer.",,,,,,,,,,,,
34,Galway - Galway Roscommon Education and Training Board,GRETBs Further Education and Training Service provides courses from level 1 to 6 on the National Framework of Qualifications.  We also provide and Information and Guidance Service for people who would like to return to education.  ,"English classes, Further Education courses, Training courses, Educational Information and Guidance ","GRETB YouthReach Portumna, Abbey Street, Portumna, Co Galway",H53 VW99,No,www.gretb.ie,guidance@gretb.ie,1800 140 242,Education;,Education,53.09253814,-8.211250053,"Monday, Tuesday, Wednesday, Thursday, Friday. Our centres are open throughout the week for people to drop in and find out more about the courses we offer.",,,,,,,,,,,,
34,Galway - Galway Roscommon Education and Training Board,GRETBs Further Education and Training Service provides courses from level 1 to 6 on the National Framework of Qualifications.  We also provide and Information and Guidance Service for people who would like to return to education.  ,"English classes, Further Education courses, Training courses, Educational Information and Guidance ","GRETB YouthReach Letterfrack, Connemara West, Letterfrack, Co Galway",H91 PA89,No,www.gretb.ie,guidance@gretb.ie,1800 140 242,Education;,Education,53.55422407,-9.941094382,"Monday, Tuesday, Wednesday, Thursday, Friday. Our centres are open throughout the week for people to drop in and find out more about the courses we offer.",,,,,,,,,,,,
34,Galway - Galway Roscommon Education and Training Board,GRETBs Further Education and Training Service provides courses from level 1 to 6 on the National Framework of Qualifications.  We also provide and Information and Guidance Service for people who would like to return to education.  ,"English classes, Further Education courses, Training courses, Educational Information and Guidance ","GRETB YouthReach Ballinasloe, Pollboy, Ballinasloe, Co. Galway",H53 X9X0,No,www.gretb.ie,guidance@gretb.ie,1800 140 242,Education;,Education,53.32173689,-8.210083372,"Monday, Tuesday, Wednesday, Thursday, Friday. Our centres are open throughout the week for people to drop in and find out more about the courses we offer.",,,,,,,,,,,,
34,Galway - Galway Roscommon Education and Training Board,GRETBs Further Education and Training Service provides courses from level 1 to 6 on the National Framework of Qualifications.  We also provide and Information and Guidance Service for people who would like to return to education.  ,"English classes, Further Education courses, Training courses, Educational Information and Guidance ","GRETB YouthReach Galway City, Unit 22A, Liosban Business Park, Tuam Road, Galway",H91 E7DV,No,www.gretb.ie,guidance@gretb.ie,1800 140 242,Education;,Education,53.28917495,-9.025224727,"Monday, Tuesday, Wednesday, Thursday, Friday. Our centres are open throughout the week for people to drop in and find out more about the courses we offer.",,,,,,,,,,,,
34,Galway - Galway Roscommon Education and Training Board,GRETBs Further Education and Training Service provides courses from level 1 to 6 on the National Framework of Qualifications.  We also provide and Information and Guidance Service for people who would like to return to education.  ,"English classes, Further Education courses, Training courses, Educational Information and Guidance ","GRETB YouthReach Tuam, Ballygaddy Road, Tuam, Co Galway",H54 D59,No,www.gretb.ie,guidance@gretb.ie,1800 140 242,Education;,Education,53.53114632,-8.876721131,"Monday, Tuesday, Wednesday, Thursday, Friday. Our centres are open throughout the week for people to drop in and find out more about the courses we offer.",,,,,,,,,,,,
214,Galway - Helplink Mental Health Service,"We are a mental health counselling service for all ages. We offer remote counselling nationally and internationally, face to face in our Galway and Castlebar offices. We provide support for mild to moderate mental health difficulties, addiction, and bereavement. We have art therapy, play therapy, couple therapy, youth therapy.","counselling, support, therapy, mental health, addiction support, gambling support, youth therapy, art therapy, play therapy, general counselling, couple counselling","1st Floor, The Plaza, Headford Road, Galway, H91 KC6V",H91 KC6V,No,helplink.ie,HelplinkSupport@helplink.ie, (0)818 99 88 80,Youth Services;Wellbeing & Mental Health;Information & Advice;,Wellbeing & Mental Health,53.27897288,-9.050047789,N/A,,,,,,,,,,,,
347,Galway - Le Chéile Gym,Free gym classes for refugees,"gym classes, mental health, friendships, support",Galway City ,none,No,http://www.lechéilegym.ie/,lecheilegym@gmail.com,087 333 5170,"Health Services, Wellbeing & Mental Health",Wellbeing & Mental Health,53.274,-9.051,N/A,,,,,,,,,,,,
178,Galway - Legal Aid Board,"The Legal Aid Board is an independent, publicly funded organisation providing civil legal aid and advice, family mediation services, assisted decision-making services, International protection services, and much more. ","Legal Aid, Legal advice, family mediation, international protection, rights of cohabitants, guardianship, assisted decision making, traveller support, abhaile scheme","Law Centre Galway (Francis Street), 9 St Francis Street, Co Galway",H91 N253,No,www.legalaidboard.ie,galwaylawcentre@legalaidboard.ie,Phone: (066) 947 1000  LoCall: 0818 615 200; Galway (091) 561650,Information & Advice;Housing support;Community & Family;Legal Advice;International protection;,Multiple services,53.27528499,-9.052893957,N/A,,,,,,,,,,,,
178,Galway - Legal Aid Board,"The Legal Aid Board is an independent, publicly funded organisation providing civil legal aid and advice, family mediation services, assisted decision-making services, International protection services, and much more. ","Legal Aid, Legal advice, family mediation, international protection, rights of cohabitants, guardianship, assisted decision making, traveller support, abhaile scheme","Galway Law and Family Mediation Centre (Woodquay), 2nd & 3rd Floor, Woodquay Court, Woodquay, Co Galway",H91 Y674,No,www.legalaidboard.ie,lawcentrewoodquay@legalaidboard.ie,Phone: (066) 947 1000  LoCall: 0818 615 200; Galway (091) 562480,Information & Advice;Housing support;Community & Family;Legal Advice;International protection;,Multiple services,53.27660368,-9.0522173,N/A,,,,,,,,,,,,
348,Galway - Places of Sanctuary/Schools of Sanctuary,"We aim to build a culture of welcome, inclusion and understanding for all refugees and asylum seekers coming to Ireland. We help create spaces where refugees and other newcomers can meet and build understanding with locals, through Schools, Universities and other Places of Sanctuary.","Welcoming refugees in schools, Universities, churches, libraries and communities",Galway,none,No,https://schools-ireland.cityofsanctuary.org/,schools@ireland.cityofsanctuary.org,None,"Employment & Training, Education, Language Support, Community & Family, Public Awareness & Activsm, Empowering and linking refugees and host communities",Education,53.274,-9.051,N/A,,,,,,,,,,,,
349,Galway - Sanctuary Runners,"We have groups nation wide. You can find the updated list at https://sanctuaryrunners.ie/groups/  . Sanctuary Runners uses running, jogging and walking to bring together everyone in the community. Our model allows people to get to know each other and have fun while getting some exercise, especially migrants and refugees new to the community! We operate under the principles of solidarity, friendship and respect. ","Community, friendship, network, running, walking, jogging, exercise, mental health, wellbeing, parks",Salthill,none,No,https://sanctuaryrunners.ie/,sanctuaryrunnersgalway@gmail.com,None,"Wellbeing & Mental Health, Community & Family",Multiple Services,53.263,-9.07,"Yes, each group welcomes people to 'just show up'. Times vary depending on the group",,,,,,,,,,,,
350,Galway - Sanctuary Runners,"We have groups nation wide. You can find the updated list at https://sanctuaryrunners.ie/groups/  . Sanctuary Runners uses running, jogging and walking to bring together everyone in the community. Our model allows people to get to know each other and have fun while getting some exercise, especially migrants and refugees new to the community! We operate under the principles of solidarity, friendship and respect. ","Community, friendship, network, running, walking, jogging, exercise, mental health, wellbeing, parks",Gort,none,No,https://sanctuaryrunners.ie/,sanctuaryrunnersgalway@gmail.com,None,"Wellbeing & Mental Health, Community & Family",Multiple Services,53.067,-8.819,"Yes, each group welcomes people to 'just show up'. Times vary depending on the group",,,,,,,,,,,,
167,Galway - Sexual Health West,"Sexual Health West is a West of Ireland based charity working in the area of HIV and sexual health, our offices are located in Galway. Our primary function is to provide support for people living with HIV, we also deliver extensive education programmes and information in relation to HIV and sexual health. We aim to encourage the development of openness and honesty around HIV and sexual health issues in Ireland. ","Sexual Health, HIV, STIs","Sexual Health West, Ozanam House, St Augustine Street, Galway ",H91 V3PV,No,www.sexualhealthwest.ie,info@sexualhealthwest.ie,091 566266,Health Services;Education;Sexual Health & HIV;,Sexual Health & HIV,53.273,-9.051,N/A,,,,,,,,,,,,
351,Galway - The Melting Pot Luck,"The Melting Pot Luck is a community group which brings residents of Direct Provision and local community members together with intercultural 'potluck' dinners and events. Our group is made up of people from many different backgrounds who all share a love of learning about other cultures, food and music.","Inter-cultural events, Community gathering, Food sharing, Cooking, Music, Integration","Árus bóthar na trá, Dr. Mannix road, Salthill, Galway",H91 T0F6,No,https://www.facebook.com/galwaymeltingpotluck/,galwaymeltingpotluck@gmail.com,None,"Wellbeing & Mental Health, Community solidarity events and projects",Other,53.264,-9.086,N/A,,,,,,,,,,,,
225,Galway - UHUG/ Ukrainians Helping Ukrainians Galway,"UHUG CLG – це організація, яка працює з українською громадою, біженцями та шукачами притулку вже понад 3 роки. Наша мета – допомогти мігрантам та біженцям спростити процес інтеграції, полегшити соціальні процеси, зменшити культурний шок та пришвидшити адаптацію, щоб знайти своє місце в ірландському суспільстві, забезпечуючи при цьому підтримку зв'язку з національною громадою та збереження автентичної культури в ній.","We unite the community, provide information support, promote Ukrainian culture, and promote inclusion.","ST.JOSEPH'S COMMUNITY CENTRE, ASHE ROAD, GALWAY",H91A4VW,No,uhug.ie,info@uhug.ie,0852775149,Information & Advice;Community & Family;Culture & the Arts;,Multiple services,53.27613891,-9.071009459,"Monday, Thursday, Friday: 10am-2pm",,,,,,,,,,,,
76,Galway - Youth Work Ireland Galway,"Youth Work Ireland Galway is a regional organisation that provides services and supports to young people and their families. The range of supports include volunteer led youth clubs, staff led youth projects, free counselling for young people and specific supports to marginalised groups including refugees and migrants","youth groups, youth work, youth clubs, making friends, youth counselling,","Ballybane Community House, 197 Castlepark, Galway City",H91 A7X4,No,www.youthworkgalway.ie,info@youthworkgalway.ie,087 6487187,Information & Advice;Wellbeing & Mental Health;Community & Family;Youth Services;Culture & the Arts;Environment;,Youth Services,53.286,-9.023,N/A,,,,,,,,,,,,
76,Galway - Youth Work Ireland Galway Ballinasloe,"Youth Work Ireland Galway is a regional organisation that provides services and supports to young people and their families. The range of supports include volunteer led youth clubs, staff led youth projects, free counselling for young people and specific supports to marginalised groups including refugees and migrants","youth groups, youth work, youth clubs, making friends, youth counselling,","Youth Centre, Marina Point, Ballinasloe",,No,www.youthworkgalway.ie,info@youthworkgalway.ie,087 6487187,Information & Advice;Wellbeing & Mental Health;Community & Family;Youth Services;Culture & the Arts;Environment;,Youth Services,53.32656042,-8.220759753,N/A,,,,,,,,,,,,
76,Galway - Youth Work Ireland Galway Loughrea,"Youth Work Ireland Galway is a regional organisation that provides services and supports to young people and their families. The range of supports include volunteer led youth clubs, staff led youth projects, free counselling for young people and specific supports to marginalised groups including refugees and migrants","youth groups, youth work, youth clubs, making friends, youth counselling,","Temperance Hall, Barrack Street, Loughrea",,No,www.youthworkgalway.ie,info@youthworkgalway.ie,087 6487187,Information & Advice;Wellbeing & Mental Health;Community & Family;Youth Services;Culture & the Arts;Environment;,Youth Services,53.19751071,-8.568783393,N/A,,,,,,,,,,,,
76,Galway - Youth Work Ireland Galway Tuam,"Youth Work Ireland Galway is a regional organisation that provides services and supports to young people and their families. The range of supports include volunteer led youth clubs, staff led youth projects, free counselling for young people and specific supports to marginalised groups including refugees and migrants","youth groups, youth work, youth clubs, making friends, youth counselling,","The Family Centre, Dublin Road, Tuam",,No,www.youthworkgalway.ie,info@youthworkgalway.ie,087 6487187,Information & Advice;Wellbeing & Mental Health;Community & Family;Youth Services;Culture & the Arts;Environment;,Youth Services,53.5116031,-8.847722205,N/A,,,,,,,,,,,,
76,Galway - Youth Work Ireland Galway Westside,"Youth Work Ireland Galway is a regional organisation that provides services and supports to young people and their families. The range of supports include volunteer led youth clubs, staff led youth projects, free counselling for young people and specific supports to marginalised groups including refugees and migrants","youth groups, youth work, youth clubs, making friends, youth counselling,","Corrach Bui Community Centre, Galway City ",,No,www.youthworkgalway.ie,info@youthworkgalway.ie,087 6487187,Information & Advice;Wellbeing & Mental Health;Community & Family;Youth Services;Culture & the Arts;Environment;,Youth Services,53.2744908,-9.081707529,N/A,,,,,,,,,,,,
154,Kerry - Fáilte Isteach,"Fáilte Isteach is a conversational English language project involving predominantly older volunteer tutors welcoming migrants and refugees through free, accessible classes. It's a community-based project offering a welcoming space for all. We currently have 200 active locations across 26 counties in Ireland.","Conversational English Classes, Fáilte Isteach, Improve English Conversational Skills, Free English Classes",Office address is Summerhill in Meath but we have group locations across Ireland. All classes are listed here: https://www.thirdageireland.ie/failte-isteach/locations ,A83 PW94,No,https://www.thirdageireland.ie/failte-isteach,failteisteach@thirdageireland.ie,(046) 9557766,Language Support,Language Support,53.483,-6.74,"Available: All classes are available for drop in, although learners are encourage to attend regularly when possible., No time given",,,,,,,,,,,,
352,Kerry - KASI - Killarney Immigrant Support Centre,"KASI – Killarney Immigtran Support Centre - is an NGO based in Kilarney Co.Kerry (also operating in Millstreet, Co.Cork) providing support services to Asylum Seekers, Refugees and other migrants.","support, advice, information","Unit 6, Old Credit Union Building Beech Road/91 New Street Killarney, Co. Kerry",V93 R96C,No,http://kasi.ie/,info@kasi2000.com,064 6620705,"Information & Advice, Language Support, Public Awareness & Activsm",Multiple Services,52.059,-9.511,"Monday, Tuesday, Wednesday, Thursday: 9:30am–1:30pm, 2–4pm;  Friday: 9:30am–1pm",,,,,,,,,,,,
239,Kerry - Kenmare Family Resource Centre,"Kenmare Family Resource Centre advances the welfare of individuals and families in the Greater Kenmare area.   We work with a community development ethos, providing activities like Parent & Toddler groups, Stay & Play, Lone Parents support group, One to One support to families and individuals, Family Support and Meitheals.  Research and support to families with children with disabilities, provide Community Education courses, English classes, Coffee/English Conversation, Cookery classes etc. we provide Low Cost Counselling (adult & adolescent) along with Art Therapy.  We provide space for PEER Support Group, MOVE, Knitting, and many other groups.  We work with Asylum Seekers, Refugees, young disadvantage youth, the elderly, disadvantaged families, lone parents, and those who are isolated and lonely.  ",English Classes. Help with Forms. Signposting to other agencies.,"Railway Road, Kenmare, Co. Kerry. ",V93K580,No,www.kenmarefrc.ie,info@kenmarefrc.ie,0646642790,Information & Advice;Language Support;Wellbeing & Mental Health;Community & Family;Youth Services;,Community & Family,51.88310709,-9.582102516,"Monday, Tuesday, Wednesday, Thursday; 10am-4pm",,,,,,,,,,,,
131,Kerry - Kerry County Childcare Committee,"“Kerry County Childcare Committee (KCCC) acts as the first point of contact for anyone involved in childcare including childcare providers, students and parents. The work of Kerry County Childcare Committee is guided by, and the organisation is committed to, the outcomes for children and families as outlined in First 5 A Whole-of-Government Strategy for Babies, Young Children and their Families 2019-2028. Kerry CCC is funded by the Department of Children, Disability and Equality  (DCDE) to support childcare services and families access the national childcare funding programmes – Early Childhood Care and Education (ECCE) and National Childcare Scheme (NCS).  Kerry County Childcare Committee Key Priorities: Kerry County Childcare Committee sees as one of its key priorities the support and development of existing and potential childcare provision in Kerry.  This includes supporting all childcare settings in the development of quality provision.  Quality childminding also remains a key priority for the Committee.  “",Information on Childcare,"Unit 5 Davcon Business Centre, Monavalley Business Park, Tralee, Co Kerry",V92DA22,No,www.kerrycountychildcare.com,info@kerrycountychildcare.com,0667181582,Community & Family;Information & Advice;Childcare Information & Support;,Childcare Information,52.284,-9.707,"Monday, Tuesday, Wednesday, Thursday, Friday: 9am-1pm and 2-5pm (Closed from 1-2pm for Lunch daily)",,,,,,,,,,,,
155,Kerry - Kerry Public Participation Network,"Kerry PPN is a network bringing together all community and voluntary groups, social inclusion groups, and environmental interest groups. Information is shared and people can work together on policy matters.","Community Group, volunteer, public participation network",None,V92H7VT,No,www.kerryppn.ie,ppn@kerrycoco.ie,087 4888360,Information & Advice;Community & Family;,Community & Family,52.267,-9.679,N/A,,,,,,,,,,,,
178,Kerry - Legal Aid Board,"The Legal Aid Board is an independent, publicly funded organisation providing civil legal aid and advice, family mediation services, assisted decision-making services, International protection services, and much more. ","Legal Aid, Legal advice, family mediation, international protection, rights of cohabitants, guardianship, assisted decision making, traveller support, abhaile scheme","Law Centre Tralee, 1 Day Place, Tralee, Co Kerry",V92 CR22,No,www.legalaidboard.ie,lawcentretralee@legalaidboard.ie,Phone: (066) 947 1000  LoCall: 0818 615 200; Kerry (066) 7126900,Information & Advice;Housing support;Community & Family;Legal Advice;International protection;,Multiple services,52.26938687,-9.707361824,N/A,,,,,,,,,,,,
353,Kerry - Local Authority Integration Team (LAIT) Kerry County Council ,"LAITs promote integration from day one by helping international protection applicants, refugees, & beneficiaries of temporary protection access essential services & supports. Through service mapping, clinics, & tailored coordination, LAITs ensure individuals & families can fully engage with their communities & thrive in their new environment.","Integration, Access, Welcoming, Supportive, Help, Inclusive, Empowering, Practical, Caring, Community, Guidance, Informative, Holistic, Compassionate","Kerry County Council, Rathass, Tralee, Co. Kerry",V92 H7VT,No,www.kerrytogether.ie ,integration@kerrycoco.ie,087-0323467 or 066-7183516,Information & Advice,Multiple Services,52.266,-9.679,09:30 - 17:30,,,,,,,,,,,,
354,Kerry - NEWKD (Castleisland),"NEWKD is one of 49 local development companies across Ireland. We deliver a range of support and development programmes that aim to improve the quality of life for all the people within our community. We cover the area of north, east & west Kerry: community development, employment services, funding opportunities, family support.","Support for Ukrainian community in North, East and West Kerry","44 Main St, Castleisland, Kerry, V92 DT96",None,No,https://newkd.ie/,info@newkd.ie,066 7142676 Castleisland,"Information & Advice, Employment & Training, Education, Language Support, Wellbeing & Mental Health, Community & Family, Youth Services, Public Awareness & Activsm",Multiple Services,52.232,-9.463,N/A,,,,,,,,,,,,
355,Kerry - NEWKD (Dingle),"NEWKD is one of 49 local development companies across Ireland. We deliver a range of support and development programmes that aim to improve the quality of life for all the people within our community. We cover the area of north, east & west Kerry: community development, employment services, funding opportunities, family support.","Support for Ukrainian community in North, East and West Kerry","An Cúilín, Emlagh West, Dingle, County Kerry",None,No,https://newkd.ie/,info@newkd.ie,066 7142788 Dingle,"Information & Advice, Employment & Training, Education, Language Support, Wellbeing & Mental Health, Community & Family, Youth Services, Public Awareness & Activsm",Multiple Services,52.138,-10.271,N/A,,,,,,,,,,,,
356,Kerry - NEWKD (Listowel),"NEWKD is one of 49 local development companies across Ireland. We deliver a range of support and development programmes that aim to improve the quality of life for all the people within our community. We cover the area of north, east & west Kerry: community development, employment services, funding opportunities, family support.","Support for Ukrainian community in North, East and West Kerry","20 Upper William Street, Listowel, County Kerry",None,No,https://newkd.ie/,info@newkd.ie,068 23429 Listowel,"Information & Advice, Employment & Training, Education, Language Support, Wellbeing & Mental Health, Community & Family, Youth Services, Public Awareness & Activsm",Multiple Services,52.449,-9.486,N/A,,,,,,,,,,,,
357,Kerry - NEWKD (Tralee),"NEWKD is one of 49 local development companies across Ireland. We deliver a range of support and development programmes that aim to improve the quality of life for all the people within our community. We cover the area of north, east & west Kerry: community development, employment services, funding opportunities, family support.","Support for Ukrainian community in North, East and West Kerry","Áras an Phobail, Croílár na Mistéalach, Tralee, Co. Kerry",V92 CRW8,No,https://newkd.ie/,info@newkd.ie,066 718 0190 Tralee,"Information & Advice, Employment & Training, Education, Language Support, Wellbeing & Mental Health, Community & Family, Youth Services, Public Awareness & Activsm",Multiple Services,52.268,-9.696,N/A,,,,,,,,,,,,
358,Kerry - Sanctuary Runners,"We have groups nation wide. You can find the updated list at https://sanctuaryrunners.ie/groups/  . Sanctuary Runners uses running, jogging and walking to bring together everyone in the community. Our model allows people to get to know each other and have fun while getting some exercise, especially migrants and refugees new to the community! We operate under the principles of solidarity, friendship and respect. ","Community, friendship, network, running, walking, jogging, exercise, mental health, wellbeing, parks",Tralee,None,No,https://sanctuaryrunners.ie/,info@sanctuaryrunners.ie,None,"Wellbeing & Mental Health, Community & Family",Multiple Services,52.271,-9.7,"Yes, each group welcomes people to 'just show up'. Times vary depending on the group",,,,,,,,,,,,
360,Kerry - Sanctuary Runners,"We have groups nation wide. You can find the updated list at https://sanctuaryrunners.ie/groups/  . Sanctuary Runners uses running, jogging and walking to bring together everyone in the community. Our model allows people to get to know each other and have fun while getting some exercise, especially migrants and refugees new to the community! We operate under the principles of solidarity, friendship and respect. ","Community, friendship, network, running, walking, jogging, exercise, mental health, wellbeing, parks",Killarney,None,No,https://sanctuaryrunners.ie/,info@sanctuaryrunners.ie,None,"Wellbeing & Mental Health, Community & Family",Multiple Services,52.06,-9.504,"Yes, each group welcomes people to 'just show up'. Times vary depending on the group",,,,,,,,,,,,
30,Kerry - South West Kerry Family Resource Centre,"South West Kerry Family Resource Centre is based in Cahersiveen town and offers family support services, low cost counselling, play therapy, adolescent therapeutic services, children's literacy programmes. We have a family support worker dedicated to the IPAS and refugee community.","Family support, counselling, play therapy, literacy for children, adolescent therapeutic services, Autism support group, parenting support, food share, children's anxiety programmes.","18 Main Street, Cahersiveen, Co. Kerry",V23 A393,No,southwestkerryfrc.ie,swkerryfrc20@gmail.com,066 9481000,Information & Advice;Language Support;Wellbeing & Mental Health;Community & Family;Youth Services;,Community & Family,51.946,-10.247,"Monday, Tuesday, Wednesday, Thursday: 9am - 5pm; Friday, 9am - 3pm",,,,,,,,,,,,
232,Kerry - The Caha Centre,"The Caha Centre is a family resource centre, supporting individuals and families across the catchment area.  Our vision is that all children, families, individuals and communities will actively participate and be included in a society that is equitable, inclusive and non-discriminatory and which will ensure their optimal well-being","Migrant support worker; Help with forms, housing support including ARP, support with schools/school busses/childcare; language support; integration through sport",Tuosist ,V93RK33,No,The Caha Centre,cahacentresuam@gmail.com,0831590470,Health Services;Information & Advice;Employment & Training;Education;Language Support;Housing support;Wellbeing & Mental Health;Community & Family;Youth Services;,Community & Family,51.80456561,-9.756226983,"Monday, Thursday, Friday: 10am-5pm",,,,,,,,,,,,
232,Kerry - The Caha Centre,"The Caha Centre is a family resource centre, supporting individuals and families across the catchment area.  Our vision is that all children, families, individuals and communities will actively participate and be included in a society that is equitable, inclusive and non-discriminatory and which will ensure their optimal well-being","Migrant support worker; Help with forms, housing support including ARP, support with schools/school busses/childcare; language support; integration through sport",LAURAGH ,V93HR98,No,The Caha Centre,cahacentresuam@gmail.com,0831590470,Health Services;Information & Advice;Employment & Training;Education;Language Support;Housing support;Wellbeing & Mental Health;Community & Family;Youth Services;,Community & Family,51.76454482,-9.778238991,"Monday, Thursday, Friday: 10am-5pm",,,,,,,,,,,,
3,Kerry - Tralee International Resource Centre (TIRC),"TIRC’s mission is to support and advocate for the international community and to facilitate inclusion.  and understanding between people. We provide drop in support, English classes, social groups and one to one advocacy and support. ","English classes, support, help with forms, finding work, education, support with services, referrals","13-14 St Patrick's Bungalows, Boherbee, Tralee, Co Kerry",V93E952,No,www.tirc.ie,reception@tirc.ie,667127918,Information & Advice;Education;Language Support;Wellbeing & Mental Health;Public Awareness & Activism;,Multiple services,52.102,-9.651,"Monday, Tuesday, Wednesday, Thursday, Friday: 10am-4pm",,,,,,,,,,,,
154,Kildare - Fáilte Isteach,"Fáilte Isteach is a conversational English language project involving predominantly older volunteer tutors welcoming migrants and refugees through free, accessible classes. It's a community-based project offering a welcoming space for all. We currently have 200 active locations across 26 counties in Ireland.","Conversational English Classes, Fáilte Isteach, Improve English Conversational Skills, Free English Classes",Office address is Summerhill in Meath but we have group locations across Ireland. All classes are listed here: https://www.thirdageireland.ie/failte-isteach/locations ,A83 PW94,No,https://www.thirdageireland.ie/failte-isteach,failteisteach@thirdageireland.ie,(046) 9557766,Language Support,Language Support,53.483,-6.74,"Available: All classes are available for drop in, although learners are encourage to attend regularly when possible., No time given",,,,,,,,,,,,
220,Kildare - Intercultural Women's Network,"The Intercultural Women's Network is a friendly network, open to women from all backgrounds in Ireland. We aim to support each other and provide a space for socialising, learning, and improving our communities together. ","Meeting others, social-events, connections within and across communities, support, participation in policymaking and politics, problem-solving.",Leixlip,Leixlip,No,www.iwn.ie,info@iwn.ie,None,Community & Family;Wellbeing & Mental Health;,Community & Family,53.36880656,-6.502729717,N/A,,,,,,,,,,,,
219,Kildare - Kildare LAIT - Kildare County Council,Support integration from day one and access to local services based on their need through information clinics and county/local area coordination of services & Supports.,"Information Clinics in accommodation centres and in the community, County Community Integration Forum, Access to Local Services","Devoy Park, Naas Co Kildare",W91 X77F,No,https://kildarecoco.ie,integrationLAIT@Kildarecoco.ie,(045) 980 200,Information & Advice,Multiple Services,53.215,-6.672,"Available: No, No time given",,,,,,,,,,,,
178,Kildare - Legal Aid Board,"The Legal Aid Board is an independent, publicly funded organisation providing civil legal aid and advice, family mediation services, assisted decision-making services, International protection services, and much more. ","Legal Aid, Legal advice, family mediation, international protection, rights of cohabitants, guardianship, assisted decision making, traveller support, abhaile scheme","Law Centre Newbridge, Suites 1 & 2, Courtyard House, Edward Street, Newbridge, Co Kildare",W12 NW64,No,www.legalaidboard.ie,LawCentreNewbridge@legalaidboard.ie,Phone: (066) 947 1000  LoCall: 0818 615 200; Kildare (045) 435777,Information & Advice;Housing support;Community & Family;Legal Advice;International protection;,Multiple services,53.17842348,-6.798817224,N/A,,,,,,,,,,,,
51,Kildare - Newbridge Family Resource Centre ," Newbridge Family Resource Centre empowers and promotes the growth, development and independence of individuals, families and all communities within the Newbridge region by providing access to resources, confidential services, and supports.","English classes, Social support, Information sharing, Community engagement","Dara Park, Newbridge, Co. Kildare ",W12PX65 ,No,https://www.newbridgefrc.ie/ ,glens@newbridgefrc.ie ,087 988 8655 ,Information & Advice;Language Support;Housing support;Wellbeing & Mental Health;Community & Family;Youth Services;Public Awareness & Activism;Culture & the Arts;Environment;,Multiple services,53.18,-6.831,"Monday, Tuesday, Wednesday, Thursday, Friday, Saturday, Sunday: 10am - 4pm ",,,,,,,,,,,,
361,Kildare - Sanctuary Runners,"We have groups nation wide. You can find the updated list at https://sanctuaryrunners.ie/groups/  . Sanctuary Runners uses running, jogging and walking to bring together everyone in the community. Our model allows people to get to know each other and have fun while getting some exercise, especially migrants and refugees new to the community! We operate under the principles of solidarity, friendship and respect. ","Community, friendship, network, running, walking, jogging, exercise, mental health, wellbeing, parks",Celbridge,None,No,https://sanctuaryrunners.ie/,celbridge@sanctuaryrunners.ie,None,"Wellbeing & Mental Health, Community & Family",Multiple Services,53.339,-6.539,"Yes, each group welcomes people to 'just show up'. Times vary depending on the group",,,,,,,,,,,,
362,Kilkenny - Co. Kilkenny Adult Guidance Service,"Co. Kilkenny Adult Guidance Service provides guidance and information to the public who are seeking to explore their options in education, training or employment. We offer 1-1 guidance counselling to support our clients in meeting their full potential both personally and professionally. We assist clients with course choices,applications,funding.","Education, Training, Guidance Counselling, ","Lower New Street, Kilkenny.",R95AV65,No,www.kcetb.ie,adultguidance@kkadulted.ie,3.53568E+11,"Information & Advice, Employment & Training, Education",Information & Advice,52.649,-7.255,"Monday, Tuesday, Wednesday, Thursday, Friday: 9am-5pm (Closed for lunch 1pm-2pm)",,,,,,,,,,,,
154,Kilkenny - Fáilte Isteach,"Fáilte Isteach is a conversational English language project involving predominantly older volunteer tutors welcoming migrants and refugees through free, accessible classes. It's a community-based project offering a welcoming space for all. We currently have 200 active locations across 26 counties in Ireland.","Conversational English Classes, Fáilte Isteach, Improve English Conversational Skills, Free English Classes",Office address is Summerhill in Meath but we have group locations across Ireland. All classes are listed here: https://www.thirdageireland.ie/failte-isteach/locations ,A83 PW94,No,https://www.thirdageireland.ie/failte-isteach,failteisteach@thirdageireland.ie,(046) 9557766,Language Support,Language Support,53.483,-6.74,"Available: All classes are available for drop in, although learners are encourage to attend regularly when possible., No time given",,,,,,,,,,,,
363,Kilkenny - Immigrant Services,"Immigrant Support Clinics in Fr. McGrath Family Resource Centre, Kilkenny, One-to-One Support with Administrative issues, Naturalisation, Family Reunification and other such issues that are barriers to immigrants engaging with  mainstream services. Linkage to Statutory and community services, FAILTE ISTEACH English Language support.","Immigrant support, Help with forms,  English classeslasses, ","St. Joseph's Road, Kilkenny",K95POKK,No,https://frmcgrathcentre.ie,immigrantservicekk@gmail.com,0861927033 & 0861966073,"Information & Advice, Language Support",Multiple Services,52.655,-7.263,"Monday, Tuesday, Thursday  by appointment",,,,,,,,,,,,
93,Kilkenny - Kilkenny County Council (Local Authority Integration Team)," The Local Authority Integration Teams (LAIT) help coordinate the different kinds of support available for people who are applying for international protection, refugees, and others in similar situations.  Supports offered include: being a direct contact for new arrivals, helping them with any problems they might have when dealing with public services; connecting new arrivals with services like legal help, childcare and healthcare;  connecting new arrivals with services that improve their ability to live independently, like job training, English classes, education, and apprenticeships;  guiding new arrivals through the process of applying for financial support, medical help, child benefits, and other services they might need;  Holding meetings in local areas and using community development principles to help those who attend; Supporting people if they face racism or other unfair treatment, helping them report it to the right authorities;  Helping vulnerable new arrivals get in touch with non-governmental organisations (NGOs) and other services if they need extra help ","Help with Forms
Information
Advice","Patricks Court, Kilkenny ",R95 N28F,No,https://kilkennycoco.ie/eng/services/local-authority-integration-team/,integration@kilkennycoco.ie,0567794419,Information & Advice;,Information & Advice,52.651,-7.252,Tuesday 9.30am-12.30pm; Thursday 2-4pm,,,,,,,,,,,,
93,Kilkenny - Kilkenny County Council (Local Authority Integration Team)," The Local Authority Integration Teams (LAIT) help coordinate the different kinds of support available for people who are applying for international protection, refugees, and others in similar situations.  Supports offered include: being a direct contact for new arrivals, helping them with any problems they might have when dealing with public services; connecting new arrivals with services like legal help, childcare and healthcare;  connecting new arrivals with services that improve their ability to live independently, like job training, English classes, education, and apprenticeships;  guiding new arrivals through the process of applying for financial support, medical help, child benefits, and other services they might need;  Holding meetings in local areas and using community development principles to help those who attend; Supporting people if they face racism or other unfair treatment, helping them report it to the right authorities;  Helping vulnerable new arrivals get in touch with non-governmental organisations (NGOs) and other services if they need extra help ","Help with Forms
Information
Advice",Fr. McGrath Centre,R95 P0KK,No,https://kilkennycoco.ie/eng/services/local-authority-integration-team/,integration@kilkennycoco.ie,0567794419,Information & Advice;,Information & Advice,52.65555114,-7.262772918,Tuesday morning,,,,,,,,,,,,
93,Kilkenny - Kilkenny County Council (Local Authority Integration Team)," The Local Authority Integration Teams (LAIT) help coordinate the different kinds of support available for people who are applying for international protection, refugees, and others in similar situations.  Supports offered include: being a direct contact for new arrivals, helping them with any problems they might have when dealing with public services; connecting new arrivals with services like legal help, childcare and healthcare;  connecting new arrivals with services that improve their ability to live independently, like job training, English classes, education, and apprenticeships;  guiding new arrivals through the process of applying for financial support, medical help, child benefits, and other services they might need;  Holding meetings in local areas and using community development principles to help those who attend; Supporting people if they face racism or other unfair treatment, helping them report it to the right authorities;  Helping vulnerable new arrivals get in touch with non-governmental organisations (NGOs) and other services if they need extra help ","Help with Forms
Information
Advice",Neighbourhood Hall,R95 VK7X ,No,https://kilkennycoco.ie/eng/services/local-authority-integration-team/,integration@kilkennycoco.ie,0567794419,Information & Advice;,Information & Advice,52.65585556,-7.260236699,Thursday afternoon,,,,,,,,,,,,
107,Kilkenny - Kilkenny LEADER Partnership (KLP),"KLP is a non-profit, independent, community-led, local development organisation delivering to communities in Kilkenny, including providing a wide range of services for Migrants in County Kilkenny e.g. PPS & medical card applications, employment & training opportunities, linking with volunteers and community resources, signposting to local language classes, financial advice and providing a reference point for community groups.","Finding work, English classes, help with forms, volunteering, training courses, information","8 Patricks Court, Patrick Street, Kilkenny, R95 X677",R95 X677,No,https://cklp.ie/migrant-support/,info@cklp.ie, (353) 056 7752111,Information & Advice;Employment & Training;Education;Language Support;Housing support;Wellbeing & Mental Health;Community & Family;Youth Services;,Multiple services,52.65,-7.252,"Monday, Tuesday, Wednesday, Thursday, Friday: 9am-5pm (but appointments preferred)",,,,,,,,,,,,
178,Kilkenny - Legal Aid Board,"The Legal Aid Board is an independent, publicly funded organisation providing civil legal aid and advice, family mediation services, assisted decision-making services, International protection services, and much more. ","Legal Aid, Legal advice, family mediation, international protection, rights of cohabitants, guardianship, assisted decision making, traveller support, abhaile scheme","Kilkenny Law and Family Mediation Centre, Unit A, 1st Floor, Smithlands Centre, Loughboy, Kilkenny",R95 HK11,No,www.legalaidboard.ie,lawcentrekilkenny@legalaidboard.ie,Phone: (066) 947 1000  LoCall: 0818 615 200: Kilkenny (056) 776 1611,Information & Advice;Housing support;Community & Family;Legal Advice;International protection;,Multiple services,52.64108532,-7.244158509,N/A,,,,,,,,,,,,
365,Kilkenny - Places of Sanctuary/Schools of Sanctuary,"We aim to build a culture of welcome, inclusion and understanding for all refugees and asylum seekers coming to Ireland. We help create spaces where refugees and other newcomers can meet and build understanding with locals, through Schools, Universities and other Places of Sanctuary.","Welcoming refugees in schools, Universities, churches, libraries and communities",Kilkenny,None,No,https://schools-ireland.cityofsanctuary.org/,schools@ireland.cityofsanctuary.org,None,"Employment & Training, Education, Language Support, Community & Family, Public Awareness & Activsm, Empowering and linking refugees and host communities",Education,52.655,-7.246,N/A,,,,,,,,,,,,
366,Kilkenny - South Leinster Citizens Information Service-Kilkenny,"We provide information, assistance with forms and advocacy to appeal decisions. Service users need to be able to communicate in English, or they can bring someone with them to translate.",Information,"4 The Parade, Kilkenny, R95 VO52",R95 V052,No,www.citizensinformation.ie,kilkenny@citinfo.ie,0818077910,Information & Advice,Information & Advice,52.65,-7.251,"Monday to Friday, 10am-12.30pm",,,,,,,,,,,,
61,Kilkenny - Young Irish Film Makers,YIFM is a national organisation working with young people and those who work with them. We provide filmmaking and animation workshops for young people aged from 10 years up to 24 years.   ,"Film Workshops, Animation Workshops, Local Training Initiative, Filmmaking, Animation, School Filmmaking workshops, Nationwide delivery ","Young Irish Film Makers, St. Josephs Studios, Waterford Road, Kilkenny, R95 D8HT",R95 D8HT,No,www.yifm.com,info@yifm.com,05677 64677,Youth Services;Education;Culture & the Arts;Youth Film & Animation;,Youth Services,52.644,-7.25,N/A,,,,,,,,,,,,
71,Laois - Dignity Partnership ,"Dignity Partnership (DiP) is a work integration social enterprise that delivers empathy-led non-formal  education programmes that foster integration and inclusion for migrants in Irish society. Also, provides workshops to support Agencies, volunteers, community educators on understanding of refugee support work and capacity building.","Access to third level education, understand the Irish culture, skills to integration, third level education supports",Portlaoise Co. Laois ,None,No,https://dignitypartners.company/,dignitypartners@gmail.com,3.53893E+11,Information & Advice;Education;Wellbeing & Mental Health;Culture & the Arts;,Multiple services,53.038,-7.334,N/A,,,,,,,,,,,,
154,Laois - Fáilte Isteach,"Fáilte Isteach is a conversational English language project involving predominantly older volunteer tutors welcoming migrants and refugees through free, accessible classes. It's a community-based project offering a welcoming space for all. We currently have 200 active locations across 26 counties in Ireland.","Conversational English Classes, Fáilte Isteach, Improve English Conversational Skills, Free English Classes",Office address is Summerhill in Meath but we have group locations across Ireland. All classes are listed here: https://www.thirdageireland.ie/failte-isteach/locations ,A83 PW94,No,https://www.thirdageireland.ie/failte-isteach,failteisteach@thirdageireland.ie,(046) 9557766,Language Support,Language Support,53.483,-6.74,"Available: All classes are available for drop in, although learners are encourage to attend regularly when possible., No time given",,,,,,,,,,,,
178,Laois - Legal Aid Board,"The Legal Aid Board is an independent, publicly funded organisation providing civil legal aid and advice, family mediation services, assisted decision-making services, International protection services, and much more. ","Legal Aid, Legal advice, family mediation, international protection, rights of cohabitants, guardianship, assisted decision making, traveller support, abhaile scheme","Portlaoise Law and Family Mediation Centre, Unit 261, 1st Floor Gandon Court, Fairgreen, Portlaoise, Co Laois",R32 YY02,No,www.legalaidboard.ie,lawcentreportlaoise@legalaidboard.ie,Phone: (066) 947 1000  LoCall: 0818 615 200; Laois: (057) 866 1366 ,Information & Advice;Housing support;Community & Family;Legal Advice;International protection;,Multiple services,53.05091243,-7.322185944,N/A,,,,,,,,,,,,
210,Laois - Local Authority Integration Team (LAIT) Laois County Council,"Local Authority Integration Teams (LAITs) support international protection applicants, refugees, and temporary protection beneficiaries by ensuring access to essential services. Through service mapping, clinics, and tailored coordination, they help individuals integrate and thrive in their new communities.","Integration, Access, Welcoming, Supportive, Help, Inclusive, Empowering, Practical, Caring, Community, Guidance, Informative, Holistic, Compassionate","Áras an Chontae, JFL Ave., Portlaoise, Co. Laois R32 EHP9",R32 EHP9,No,https://laois.ie/integration-services-supports/local-authority-integration-team/meet-the-team,integration@laoiscoco.ie,0578664082,Information & Advice,Multiple Services,53.032,-7.301,N/A,,,,,,,,,,,,
213,Leitrim - Ballinamore Area Community Council Clg,"We run a Community Services Hub every other Tuesday from 10am-12noon. We provide information & signposting, free refreshments, a space to talk and socialise, a repair cafe (clothing repair, bike repair) and a swap shop.","Community, English classes, information, advocacy, repair cafe, volunteering opportunities, swap shop, help with forms.","The Den, Swanlinbar Road, N41R522",N41R522,No,www.ballinamoreareacc.ie,baccpeaceimpactprogramme@Gmail.com,0873835513,"Information & Advice, Language Support, Housing Support, Community & Family",Multiple Services,54.056,-7.794,Every other Tuesday: 10am-12noon,,,,,,,,,,,,
140,Leitrim - Breffni Family Resource Centre,"Breffni Family Resource Centre (Breffni FRC) supports individuals and families in Carrick on Shannon and surrounding areas of Leitrim and parts of Roscommon, through community development, early‑years education, parenting workshops, dementia care, social inclusion programs, mental-health support, and advice services. It offers free, inclusive, and accessible resources to strengthen family wellbeing and community resilience.","Parenting support, childcare, preschool, English classes, family support, mental health help, counselling, dementia support, youth activities, community groups, free classes, help with forms, advice service, women’s groups, men’s shed, social activities,  wellbeing programs, local support, family support, social prescribing","Breffni Crescent, Carrick on Shannon, Co. Leitrim.",N41 X9D6,No,www.breffnifrc.ie,projectcoordinatorbreffnic@outlook.com,0719622566,Community & Family;Information & Advice;,Community & Family,53.954,-8.095,N/A,,,,,,,,,,,,
154,Leitrim - Fáilte Isteach,"Fáilte Isteach is a conversational English language project involving predominantly older volunteer tutors welcoming migrants and refugees through free, accessible classes. It's a community-based project offering a welcoming space for all. We currently have 200 active locations across 26 counties in Ireland.","Conversational English Classes, Fáilte Isteach, Improve English Conversational Skills, Free English Classes",Office address is Summerhill in Meath but we have group locations across Ireland. All classes are listed here: https://www.thirdageireland.ie/failte-isteach/locations ,A83 PW94,No,https://www.thirdageireland.ie/failte-isteach,failteisteach@thirdageireland.ie,(046) 9557766,Language Support,Language Support,53.483,-6.74,"Available: All classes are available for drop in, although learners are encourage to attend regularly when possible., No time given",,,,,,,,,,,,
212,Leitrim - Leitrim Adult Educational Guidance Service,"The Leitrim Adult Educational Guidance Service helps people to make informed education, career and life choices by providing impartial and confidential Guidance Counselling, Information and Support to adults in relation to their education, training and career options.","Information, advice, guidance, training, education, careers","Further Education & Training Centre, Marketyard, Carrick-on-Shannon, County Leitrim N41 P997",N41 P997,No,https://msletbadultguidance.ie/,martinaosullivan@msletb.ie,071 962 1371,"Information & Advice, Education",Education,53.945,-8.096,"Monday, Tuesday, Wednesday, Thursday, Friday: 9am-4.30pm",,,,,,,,,,,,
369,Leitrim - Leitrim Local Authority Integration Team (LAIT),"Leitrim Local Authority Integration Team (LAIT) promote integration from day one by helping international protection applicants, refugees, and beneficiaries of temporary protection access essential services and supports. Through service mapping, clinics, and tailored coordination.","Integration, Inclusive, Access, Welcoming, Supportive, Help, Inclusive, Empowering, Practical, Community, Guidance, Informative","Corporate, Community and Cultural Services  Áras An Chontae, Carrick on Shannon, County Leitrim.",N41 PF67,No,www.leitrim.ie,integration@leitrimcoco.ie,(071)9344030,"Information & Advice, Housing Support, Wellbeing & Mental Health, Community & Family",Multiple Services,53.944,-8.099,Yes,,,,,,,,,,,,
27,Leitrim - Leitrim Volunteer Centre,To promote the value of volunteering and civic responsibility and to increase the range and quality of volunteering; and to increase Access to Volunteering by offering a Support Service to the Public and Volunteering Involving Organisations (VIOs); and to carry on these charitable purposes for the benefit of the inhabitants of County Leitrim and its environs”.,"Volunteering, Community Development.","Units 3&4 Dublin Road, Carrick-on-Shannon, Co. Leitrim.  ",N41 Y7H1,No,https://volunteerleitrim.ie/,niamh@volunteerleitrim.ie,0719622537,Volunteering Opportunities;,Multiple services,53.947,-8.111,"Monday, Tuesday, Wednesday, Thursday, Friday: 10am-4pm",,,,,,,,,,,,
234,Leitrim - Mohill Family Support Centre ,"WE provide family support for families in need , therapeutic interventions for children, adolescents and adults, Training programmes and advice and information to all the community  ","Family Support, Counselling, Advice ","Canon Donohoe Hall, Mohill, N41Y2F5 ",N41Y2F5,No,www.mohillfamilysupportcentre.com ,support@mohillfsc.info ,0719631253,Information & Advice;Wellbeing & Mental Health;Community & Family;Youth Services;Public Awareness & Activism;,Community & Family,53.9206174,-7.869077574,"Monday, Tuesday, Wednesday, Thursday, Friday: 9am-5pm",,,,,,,,,,,,
370,Leitrim - Sanctuary Runners,"We have groups nation wide. You can find the updated list at https://sanctuaryrunners.ie/groups/  . Sanctuary Runners uses running, jogging and walking to bring together everyone in the community. Our model allows people to get to know each other and have fun while getting some exercise, especially migrants and refugees new to the community! We operate under the principles of solidarity, friendship and respect. ","Community, friendship, network, running, walking, jogging, exercise, mental health, wellbeing, parks",Ballinamore,None,No,https://sanctuaryrunners.ie/,info@sanctuaryrunners.ie,None,"Wellbeing & Mental Health, Community & Family",Multiple Services,54.052,-7.803,"Yes, each group welcomes people to 'just show up'. Times vary depending on the group",,,,,,,,,,,,
109,Limerick - ADAPT Domestic Abuse Services,"Our organisation has a Migrant Support Programme that will provide information, support and emergency refuge accommodation (if risk is high) for women and children experiencing domestic abuse.  Other services include court information and accompaniment, Child and Youth Service, 24 hour helpline.","Domestic violence support, domestic abuse support, court accompaniment","Rosbrien, Limerick.",V94 AX95,No,www.adaptservices.ie,info@adaptservices.ie,061-412354,"Information & Advice;Wellbeing & Mental Health;Legal Advice;Emergency & Homelessness Support (e.g. food, shelter, day services);Domestic Abuse Support;",Domestic Abuse Services,52.653,-8.632,"Monday, Tuesday, Wednesday, Thursday, Friday: 9.00am-5.30pm",,,,,,,,,,,,
217,Limerick - Community Law & Mediation,"Community Law & Mediation is an independent community law centre in Dublin. We also have a law centre in Limerick. We provide free legal advice in Ireland in employment, social welfare, housing, child law and environmental justice. We also welcome general queries. We also provide advocacy, mediation and education services.","Free Legal Advice, Mediation, Conflict Coaching","Limerick Social Service Centre, Henry Street, Limerick, Ireland",V94 2W14,No,https://communitylawandmediation.ie/,info@communitylawandmediation.ie,061536100,"Information & Advice, Employment & Training, Education, Housing Support, Community & Family, Legal Advice, Public Awareness & Activsm",Legal Advice,52.658,-8.635,Available: 9.30am-5pm,,,,,,,,,,,,
224,Limerick - Doras,"Doras is a non-profit organisation supporting people from a migrant or refugee background on issues of International Protection, Citizenship, Employment, Education, Welfare and more. ","work visa, employment, doras, doras limerick, immigration, student visa, english classes, help with forms","2 the Crescent, Limerick City Centre ",V94 P281,No,www.doras.org,info@doras.org,083 0802378 and 061 310328,Information & Advice;Employment & Training;Education;Language Support;Wellbeing & Mental Health;Community & Family;Public Awareness & Activism;,Information & Advice,52.65924916,-8.63131506,"Monday: 10.30am-1pm, 2-5pm; Tuesday: 9.30am-1pm, 2-5pm; Wednesday: 9.30am-1pm (Closed in the afternoon); Thursday: 9.30am-1pm, 2-5pm; Friday: 9.30am-1pm, 2-5pm",,,,,,,,,,,,Yes
44,"Limerick - EPIC, Empowering People in Care","EPIC works with children and young people in the care of the state, including unaccompanied minors. ","Advice and support, care placement, aftercare, information about my rights, Tusla, being in care.","EPIC Limerick, Northside Youth Space, Ballynanty Rd, Ballynanty, Co. Limerick V94 TPP3",V94 TPP3,No,www.epiconline.ie,info@epiconline.ie,01 872 7661 ,Information & Advice;Youth Services;Public Awareness & Activism;,Information & Advice,52.67536794,-8.639557916,N/A,,,,,,,,,,,,
154,Limerick - Fáilte Isteach,"Fáilte Isteach is a conversational English language project involving predominantly older volunteer tutors welcoming migrants and refugees through free, accessible classes. It's a community-based project offering a welcoming space for all. We currently have 200 active locations across 26 counties in Ireland.","Conversational English Classes, Fáilte Isteach, Improve English Conversational Skills, Free English Classes",Office address is Summerhill in Meath but we have group locations across Ireland. All classes are listed here: https://www.thirdageireland.ie/failte-isteach/locations ,A83 PW94,No,https://www.thirdageireland.ie/failte-isteach,failteisteach@thirdageireland.ie,(046) 9557766,Language Support,Language Support,53.483,-6.74,"Available: All classes are available for drop in, although learners are encourage to attend regularly when possible., No time given",,,,,,,,,,,,
144,Limerick - Hospital Family Resource Centre,"Hospital Family Resource Centre is a voluntary led organisation based in South East Limerick offering activities, services and supports to individuals, families and groups in the area.  With core funding provided by TUSLA we are one of 121 family resource centres which form a national community development and family support programme throughout Ireland.  Our vision is of an inclusive community embracing diversity.  Our mission is to empower individuals and families with a welcoming open door to supports and services, responding to community needs and challenging inequality.  ust some of the services, activities and supports we offer to people in the East Limerick area include:  Adult Ed, Disability, Family Programmes, Group Work & Counselling","Help with forms, conversational club for new communities, group support, training and education, therapy & counselling supports. ","Hospital Family Resource Centre, Knockainey Rd., Hospital, Co. Limerick ",V35RP26,No,www.hospitalfrc.com ,info@hospitalfrc.com,061 383884,Information & Advice;Education;Wellbeing & Mental Health;Community & Family;Public Awareness & Activism;,Multiple services,52.475,-8.434,N/A,,,,,,,,,,,,
80,Limerick - International Organization for Migration (IOM) - IBG Services,"The International Organization for Migration (IOM) is the UN agency that supports humane and orderly migration. It assists governments and migrants through services including resettlement, return assistance, emergency response, and integration support, while promoting international cooperation and protecting the rights and dignity of people on the move.","Support to Beneficiaries of Temporary Protection (ie. from Ukraine): Temporary Protection Applications, Withdrawals, Information provision","INTREO Centre Limerick, Dominic St, Prior's-Land, Limerick, V94 X32 ",V94 X32 ,No,https://ireland.iom.int/,iomdublin@iom.int,1800 406 406,Information & Advice;,Information & Advice,52.66075087,-8.625264112,"Monday, Tuesday, Wednesday, Thursday, Friday: 10am-3pm.  Whenever possible, it's advisable to call ahead and schedule an appointment.",,,,,,,,,,,,
48,Limerick - ISPCC,We provide 1:1 support to children and young people living in IPAS in County Clare,One to one therapeutic work with children 0 to 18 and their families,The service is mobile and meets children young people and families in their IPAS Centre,None,No,www.ispcc.ie,limerick@ispcc.ie,01 2342000,Youth Services;Community & Family;,Wellbeing & Mental Health,53.633,-8.24,N/A,,,,,,,,,,,,
178,Limerick - Legal Aid Board,"The Legal Aid Board is an independent, publicly funded organisation providing civil legal aid and advice, family mediation services, assisted decision-making services, International protection services, and much more. ","Legal Aid, Legal advice, family mediation, international protection, rights of cohabitants, guardianship, assisted decision making, traveller support, abhaile scheme","Limerick Law and Family Mediation Centre, 1st Floor, Riverpoint, Lower Mallow Street, Limerick",V94 WC6A,No,www.legalaidboard.ie,lawcentrelimerick@legalaidboard.ie,Phone: (066) 947 1000  LoCall: 0818 615 200; Limerick (061) 314599,Information & Advice;Housing support;Community & Family;Legal Advice;International protection;,Multiple services,52.66154359,-8.631677051,N/A,,,,,,,,,,,,
64,Limerick - Limerick Citizens Information Centre,"We provide clear information and advice on rights across areas such as social welfare, health, housing, employment.  We can provide advocacy within our resources and in line with our advocacy policy.  We ensure that our staff are trained to deliver a professional and person-centred service.  We review and evaluate our service to ensure high standards through customer comments, surveys and feedback.","Information, advice, help with formsadvocacy, social welfare, employment, health services, immigration, citizenship","Ground Floor, 23-27 Riverstone House, Limerick, ",V94 3T28,No,www.citizensinformation.ie,limerick@citinfo.ie,0818 075780,"Information & Advice;Advocacy, Community talks/presentations.;",Information & Advice,52.663,-8.639,"Monday, Tuesday, Wednesday, Thursday, Friday. Contact office for drop-in hours as they vary in different offices.",,,,,,,,,,,,
64,Limerick - Limerick Citizens Information Centre,"We provide clear information and advice on rights across areas such as social welfare, health, housing, employment.  We can provide advocacy within our resources and in line with our advocacy policy.  We ensure that our staff are trained to deliver a professional and person-centred service.  We review and evaluate our service to ensure high standards through customer comments, surveys and feedback.","Information, advice, help with formsadvocacy, social welfare, employment, health services, immigration, citizenship","Desmond Complex, Gortboy, Limerick, V42 WT20",V42 WT20,No,www.citizensinformation.ie,limerick@citinfo.ie,0818 075780,"Information & Advice;Advocacy, Community talks/presentations.;",Information & Advice,52.45509524,-9.056986399,"Monday, Tuesday, Wednesday, Thursday, Friday. Contact office for drop-in hours as they vary in different offices.",,,,,,,,,,,,
64,Limerick - Limerick Citizens Information Centre,"We provide clear information and advice on rights across areas such as social welfare, health, housing, employment.  We can provide advocacy within our resources and in line with our advocacy policy.  We ensure that our staff are trained to deliver a professional and person-centred service.  We review and evaluate our service to ensure high standards through customer comments, surveys and feedback.","Information, advice, help with formsadvocacy, social welfare, employment, health services, immigration, citizenship","Parish Centre, Sheare St, Kilmallock, Limerick V35 AH77",V35 AH77,No,www.citizensinformation.ie,limerick@citinfo.ie,0818 075780,"Information & Advice;Advocacy, Community talks/presentations.;",Information & Advice,52.40312585,-8.578182928,"Monday, Tuesday, Wednesday, Thursday, Friday. Contact office for drop-in hours as they vary in different offices.",,,,,,,,,,,,
376,Limerick - Limerick City & County Council,"Limerick City & County Council is the local authority managing the Limerick administrative area.   The LAIT(Local Authority Integration Team) focuses on the provision of support and guidance to those who come to live in Limerick, either through private means or as residents of state provided accommodation.","employment, education, PPS, childcare, support, language,","City Hall, Merchants Quay, Limerick",V94 EH90,No,www.limerick.ie,integration@limerick.ie,061 556000,"Information & Advice, Employment & Training, Education, Language Support, Wellbeing & Mental Health, Community & Family, Youth Services, Public Awareness & Activsm",Multiple Services,52.668,-8.625,"Monday, Tuesday, Wednesday, Thursday, Friday: 9am-5pm",,,,,,,,,,,,
377,Limerick - Limerick Volunteer Centre,As a Volunteer Centre we can help people to find worthwhile and engaging volunteering positions with charities and volunteer organisations locally and nationally.,Volunteering,"(By Appointment) Unit 40, Tait Business Centre, Dominic Street, Limerick",None,No,www.volunteerlimerick.ie ,geraldine@volunteerlimerick.ie,087 738 7481,"Information & Advice, Guidance to Volunteering",Other,52.66,-8.626,"By appointment. Monday, Tuesday, Wednesday, Thursday, Friday: 9am-12.30pm, 2-4pm",,,,,,,,,,,,
240,Limerick - Northside FRC,"We are a community and family resource centre that provides a wide range of projects and programmes to the wider community.  Established in 1987, it offers childcare, youth work, parenting support, counselling, community education, and meals on wheels, promoting inclusion, wellbeing, and empowerment through locally driven programmes and services.","Creche, preschool, afterschool, youth groups, older people, family support, parent support, parent and toddler groups, community education, conversation clubs, meals on wheels, parenting groups, community garden","Northside FRC, Clonconnane Road, Ballynanty, Limerick",V94 APX8,No,https://www.northsidefrc.ie/,info@northsidefrc.ie,061 326623,Information & Advice;Education;Community & Family;Youth Services;Public Awareness & Activism;Wellbeing & Mental Health;,Multiple services,52.67923126,-8.644093916,"Monday, Tuesday, Wednesday, Thursday, Friday: 9am - 6pm",,,,,,,,,,,,Yes
240,Limerick - Northside FRC,"We are a community and family resource centre that provides a wide range of projects and programmes to the wider community.  Established in 1987, it offers childcare, youth work, parenting support, counselling, community education, and meals on wheels, promoting inclusion, wellbeing, and empowerment through locally driven programmes and services.","Creche, preschool, afterschool, youth groups, older people, family support, parent support, parent and toddler groups, community education, conversation clubs, meals on wheels, parenting groups, community garden","Riverside Early Childhood Centre, SAINT ITA STREET, SAINT MARY'S PARK, Limerick, V94 P6W8",V94 P6W8,No,https://www.northsidefrc.ie/,info@northsidefrc.ie,061 326623,Information & Advice;Education;Community & Family;Youth Services;Public Awareness & Activism;Wellbeing & Mental Health;,Multiple services,,,"Monday, Tuesday, Wednesday, Thursday, Friday: 9am - 6pm",,,,,,,,,,,,
378,Limerick - Places of Sanctuary/Schools of Sanctuary,"We aim to build a culture of welcome, inclusion and understanding for all refugees and asylum seekers coming to Ireland. We help create spaces where refugees and other newcomers can meet and build understanding with locals, through Schools, Universities and other Places of Sanctuary.","Welcoming refugees in schools, Universities, churches, libraries and communities",Limerick,None,No,https://schools-ireland.cityofsanctuary.org/,schools@ireland.cityofsanctuary.org,None,"Employment & Training, Education, Language Support, Community & Family, Public Awareness & Activsm, Empowering and linking refugees and host communities",Education,52.664,-8.627,N/A,,,,,,,,,,,,
379,Limerick - Sanctuary Runners,"We have groups nation wide. You can find the updated list at https://sanctuaryrunners.ie/groups/  . Sanctuary Runners uses running, jogging and walking to bring together everyone in the community. Our model allows people to get to know each other and have fun while getting some exercise, especially migrants and refugees new to the community! We operate under the principles of solidarity, friendship and respect. ","Community, friendship, network, running, walking, jogging, exercise, mental health, wellbeing, parks",Limerick,None,No,https://sanctuaryrunners.ie/,limerick@sanctuaryrunners.ie,None,"Wellbeing & Mental Health, Community & Family",Multiple Services,52.664,-8.627,"Yes, each group welcomes people to 'just show up'. Times vary depending on the group",,,,,,,,,,,,
231,Limerick - Southill Family Resource centre,"Southill Family Resource Centre provides a range of services such as family support, Advocacy, Support Groups, Ukranian support, education, and Counselling","Advocacy, Education, Family Support, Advice, Counselling",267/268 O'Malley Park Southill Limerick,v94x998,No,southillfrc.com,jane@southillfrc.com,061 440250,Information & Advice;Education;Wellbeing & Mental Health;Community & Family;Public Awareness & Activism;Environment;,Multiple services,52.64604261,-8.608276545,"Monday, Tuesday, Wednesday, Thursday, Friday: 9:30am-4:30pm",,,,,,,,,,,,
104,Limerick - The Limerick and Clare Education and Training Board,"Our O’Connell Avenue Campus is located in the heart of Limerick City. We offer an exciting range of part-time courses both at the campus and at various community partner locations across Limerick City.  Day-time classes are offered Monday to Friday and evening classes run on a part-time basis on Mondays, Tuesdays and Wednesdays. Our courses range from uncertified up to QQI Level 6 Major Awards and are aimed at those wishing to return to education, up-skill, or develop new skills.  The campus also offers Youthreach programmes, which provide young people with a flexible and dynamic system of integrated general education, vocational training, and work experience. Information and guidance are available at our Information Hub to support you to make informed choices on education, training, career, and employment.","English language classes, full time and part time QQI courses","O'Connell Avenue, Limerick",V94W651,No,www.collegeoffet.ie,applyOCAC@lcetb.ie,061 445700,Education;Language Support;,Education,52.657,-8.634,"Monday, Tuesday, Wednesday, Thursday, Friday: 9.30am-12pm",,,,,,,,,,,,
100,Limerick & Clare Education & Training Board,Adult Education Guidance Service providing guidance to adults residing in Co Limerick and Co Clare.,Education & Training information & career guidance.,"College of Further Education and Training, O'Connell Ave., Campus",V94 W651,No,https://collegeoffet.ie/,coursechoices@lcetb.ie,1800 70 70 77,Information & Advice;Employment & Training;Education;Language Support;,Education,52.657,-8.634,"Monday, Tuesday, Wednesday, Thursday, Friday: 10am-12noon and 2-4pm",,,,,,,,,,,,
154,Longford - Fáilte Isteach,"Fáilte Isteach is a conversational English language project involving predominantly older volunteer tutors welcoming migrants and refugees through free, accessible classes. It's a community-based project offering a welcoming space for all. We currently have 200 active locations across 26 counties in Ireland.","Conversational English Classes, Fáilte Isteach, Improve English Conversational Skills, Free English Classes",Office address is Summerhill in Meath but we have group locations across Ireland. All classes are listed here: https://www.thirdageireland.ie/failte-isteach/locations ,A83 PW94,No,https://www.thirdageireland.ie/failte-isteach,failteisteach@thirdageireland.ie,(046) 9557766,Language Support,Language Support,53.483,-6.74,"Available: All classes are available for drop in, although learners are encourage to attend regularly when possible., No time given",,,,,,,,,,,,
178,Longford - Legal Aid Board,"The Legal Aid Board is an independent, publicly funded organisation providing civil legal aid and advice, family mediation services, assisted decision-making services, International protection services, and much more. ","Legal Aid, Legal advice, family mediation, international protection, rights of cohabitants, guardianship, assisted decision making, traveller support, abhaile scheme","Law Centre Longford, 7/8 Market Square, Longford",N39 K093,No,www.legalaidboard.ie,lawcentrelongford@legalaidboard.ie,Phone: (066) 947 1000  LoCall: 0818 615 200; Longford (043) 334 7590,Information & Advice;Housing support;Community & Family;Legal Advice;International protection;,Multiple services,53.72547583,-7.797221416,N/A,,,,,,,,,,,,
148,Longford - Longford Community Resources,"A community based organisation working to promote rural development and tackle social exclusion through a community development approach by empowering groups and individuals to support themselves, give them a voice in local decision‐making structures, enable them to take their rightful place as equals in society, and improve their quality of life.","LEADER, grants, SICAP, Finding work, English classes, volunteering, youth service, community services, start your own business","Templemichael, Longford",N39RH22,No,www.lcrl.ie,enquiries@lcrl.ie,043-3345555,Health Services;Information & Advice;Employment & Training;Language Support;Wellbeing & Mental Health;Community & Family;Youth Services;Public Awareness & Activism;,Multiple services,53.732,-7.784,"Monday, Tuesday, Wednesday, Thursday, Friday: 9am-5pm",,,,,,,,,,,,
380,Longford - LWETB FET Guidance Service,"Returning to learning as an adult can be challenging, especially if early experiences of education were difficult. LWETB FET Guidance Service offers information, advice and guidance on training, education and careers for adults who are interested in returning to education. ","Guidance, Adult Education, Courses, ","Offices in Athlone, Longford and Mullingar",N39HR68,No,www.lwetb.ie,adultguidance@lwetb.ie,044 9342111,Education,Education,53.74,-7.802,N/A,,,,,,,,,,,,
381,Longford - Sanctuary Runners,"We have groups nation wide. You can find the updated list at https://sanctuaryrunners.ie/groups/  . Sanctuary Runners uses running, jogging and walking to bring together everyone in the community. Our model allows people to get to know each other and have fun while getting some exercise, especially migrants and refugees new to the community! We operate under the principles of solidarity, friendship and respect. ","Community, friendship, network, running, walking, jogging, exercise, mental health, wellbeing, parks",Longford Town,None,No,https://sanctuaryrunners.ie/,sanctuaryrunnerlongford@gmail.com,None,"Wellbeing & Mental Health, Community & Family",Multiple Services,53.727,-7.796,"Yes, each group welcomes people to 'just show up'. Times vary depending on the group",,,,,,,,,,,,
123,Louth - Academy of Success and Happiness ,"Academy of Success and Happiness We support Russian-speaking migrants and refugees from various countries living in Ireland through mental health and community-building activities. Our work includes: – Consultations, retreats, and cultural festivals – Outdoor seminars and Slavic celebrations – Programs such as Laughter Yoga, Neurographica Art Therapy, creative art workshops, and the “Good Mood” international dance & integration program We aim to improve emotional well-being, reduce stress, and help people connect and thrive in a new environment.","Mental health support, emotional wellbeing, community events, Russian-speaking, art therapy, Laughter Yoga, creative workshops, dance for integration, Well-being festivals, retreats, stress relief, support for migrants, support for refugees, women's groups, cultural programs, group activities, trauma healing, social connection
","we hold events at the organizers' premises, where we are invited or rented",A92HH01 ,No,https://www.facebook.com/share/1CHBom3zas/,academy.ash.123@gmail.com,3.53834E+11,Education;Wellbeing & Mental Health;Community & Family;Culture & the Arts;,Wellbeing & Mental Health,53.717,-6.368,N/A,,,,,,,,,,,,
241,Louth - Connect Family Resource Centre ,"CFRC Supporting  Refuges families and local communities. Interpreting, advice, Child and Adult counseliling. IPAS Inclusion and Engagenent Support worker.   support clinics,Parenting program,    clinics ","Family support, problem gambling support, help with forms, interpreting GP and Doctors appointments, counselling referral. ","171 Moneymore, Drogheda, Co.Louth",A92WE19,No,www.connectfamilyresourcecentre.com,angelagconnectfrc@gmail.com,00353 0894136836,"Information & Advice;Education;Language Support;Housing support;Wellbeing & Mental Health;Employment & Training;Health Services;Community & Family;Youth Services;Legal Advice;Public Awareness & Activism;Culture & the Arts;Environment;Emergency & Homelessness Support (e.g. food, shelter, day services);",Multiple services,53.72832051,-6.35271156,"Monday, Tuesday, Wednesday, Thursday, Friday: 9am-5pm",,,,,,,,,,,,
382,Louth - Development Perspectives,"Development Perspectives is an independent Global Citizenship Education NGO and registered charity based in Drogheda. We provide specific educational projects to migrant groups on topics such as storytelling, photography, podcasting and outdoor education. We also host events that bring migrants and the local community together.","Employability skills, inter-cultural events, storytelling, podcasting, photography, volunteering","Development Perspectives, The Mall, North Quay, Drogheda, Co. Louth",A92 R688,No,www.developmentperspectives.ie,paul@developmentperspectives.ie,+353 419801005,"Employment & Training, Education",Education,53.715,-6.346,N/A,,,,,,,,,,,,
154,Louth - Fáilte Isteach,"Fáilte Isteach is a conversational English language project involving predominantly older volunteer tutors welcoming migrants and refugees through free, accessible classes. It's a community-based project offering a welcoming space for all. We currently have 200 active locations across 26 counties in Ireland.","Conversational English Classes, Fáilte Isteach, Improve English Conversational Skills, Free English Classes",Office address is Summerhill in Meath but we have group locations across Ireland. All classes are listed here: https://www.thirdageireland.ie/failte-isteach/locations ,A83 PW94,No,https://www.thirdageireland.ie/failte-isteach,failteisteach@thirdageireland.ie,(046) 9557766,Language Support,Language Support,53.483,-6.74,"Available: All classes are available for drop in, although learners are encourage to attend regularly when possible., No time given",,,,,,,,,,,,
136,Louth - ISPCC Childline,The ISPCC currently provides therapeutic support to families living in IPAS accommodation. This comprises of bespoke therapeutic intervention via weekly 1:1 sessions for children and young people from age 8-18.,Therapeutic Support,"ISPCC 201 Block B, An TSean Mhargadh, Greenlanes, Drogheda, Co. Louth. A92 DE72",A92 DE72,No,www.ispcc.ie,ispcc@ispcc.ie,01 243 2000,Wellbeing & Mental Health;Community & Family;Youth Services;,Wellbeing & Mental Health,53.718,-6.352,N/A,,,,,,,,,,,,
178,Louth - Legal Aid Board,"The Legal Aid Board is an independent, publicly funded organisation providing civil legal aid and advice, family mediation services, assisted decision-making services, International protection services, and much more. ","Legal Aid, Legal advice, family mediation, international protection, rights of cohabitants, guardianship, assisted decision making, traveller support, abhaile scheme","Dundalk Law and Family Mediation Centre, Condil House, Roden Place, Dundalk, Co Louth",A91 E6RE,No,www.legalaidboard.ie,lawcentredundalk@legalaidboard.ie,Phone: (066) 947 1000  LoCall: 0818 615 200; Louth (042) 933 0448,Information & Advice;Housing support;Community & Family;Legal Advice;International protection;,Multiple services,54.00496304,-6.399412314,N/A,,,,,,,,,,,,
383,Louth - LMETB Adult Educational Guidance Service - LOUTH,"The information and guidance service is free, confidential and offers independent advice to people who wish to explore their education and training options, helping them make informed educational, career and life choices.",Guidance Education Training,"FET Centre, King St, Drogheda, Co. Louth, A92 R594",A92 R594,No,https://www.lmetb.ie/further-education-training/guidance-information-and-recruitment/,laegis@lmetb.ie,086 0676652,Education,Education,53.717,-6.348,9am-5pm,,,,,,,,,,,,
81,Louth - Louth County Council LAIT,Local authority ,"Our role is to provide advice, guidance and information to support you to live independently.",County Hall  Millennium Centre  Dundalk  A91 KFW6,A91 KFW6,No,www.louthcoco.ie,integration@louthcoco.ie,042-9335457,Information & Advice,Information & Advice,54.005,-6.387,N/A,,,,,,,,,,,,
160,Louth - UMOJA,"Umoja is charity registered organisation providing support to Congolese people speaking Swahili and living in Ireland as well as support to Congolese people living in Congo suffering from war, poverty etc.","Integration, Social, Community, Charity","15 Allenwood, Tullyallen, Drogheda, Co Louth. A92E9R7.",A92E9R7,No,https://www.facebook.com/umojaireland,umojaireland@gmail.com,0872749216,Community & Family;Charity;,Multiple services,53.74,-6.419,N/A,,,,,,,,,,,,
23,Mayo - Cáirdeas Kilmovee Family Resource Centre,"Cáirdeas Kilmovee Family Resource Centre, in partnership with other organisations, will support and empower local people to respond to the key issues and needs of the area, combat disadvantage and improve the functioning of the family.   AIMS The work of the Family Resource Centre is designed to meet the needs of the local community and include the following:  · Maintain Cáirdeas, Kilmovee Family Resource Centre as a family and community resource  · Support children and young people to take part in a range of social, physical and learning opportunities  · That families will benefit from appropriate family supports and services provided within the community  · Support and encourage volunteers working within voluntary community groups to carry out their work  · Support older people to live safely within the community for as long as possible","Family Support 
Community Development
","Kilmovee, Ballaghaderreen, Co.Mayo",F45 AX67,No,https://kilmovee.ie/frc/,frc@kilmovee.ie,0949649814 /  0949649814,Information & Advice;Community & Family;,Community & Family,53.889,-8.708,"Monday, Tuesday, Wednesday, Thursday, Friday: 9:30am-5pm",,,,,,,,,,,,
226,Mayo - Claremorris Family Resource Centre,Family Resource Centre,,Mount Street Claremorris F12H2C2,F12H2C2,No,N/A,info@claremorrisfrc.ie,0949377838,Information & Advice;Employment & Training;Language Support;Wellbeing & Mental Health;Community & Family;Public Awareness & Activism;,Multiple services,53.72125858,-8.998725574,"Monday, Tuesday, Wednesday, Thursday, Friday: time varies - people can make appointments",,,,,,,,,,,,
44,"Mayo - EPIC, Empowering People in Care","EPIC works with children and young people in the care of the state, including unaccompanied minors. ","Advice and support, care placement, aftercare, information about my rights, Tusla, being in care.","EPIC Mayo, Castlebar Social Services, Castle Street Car Park, Gorteendrunagh, Castlebar, Co. Mayo F23 CY67",F23 CY67,No,www.epiconline.ie,info@epiconline.ie,01 872 7661 ,Information & Advice;Youth Services;Public Awareness & Activism;,Information & Advice,53.85607069,-9.296858024,N/A,,,,,,,,,,,,
154,Mayo - Fáilte Isteach,"Fáilte Isteach is a conversational English language project involving predominantly older volunteer tutors welcoming migrants and refugees through free, accessible classes. It's a community-based project offering a welcoming space for all. We currently have 200 active locations across 26 counties in Ireland.","Conversational English Classes, Fáilte Isteach, Improve English Conversational Skills, Free English Classes",Office address is Summerhill in Meath but we have group locations across Ireland. All classes are listed here: https://www.thirdageireland.ie/failte-isteach/locations ,A83 PW94,No,https://www.thirdageireland.ie/failte-isteach,failteisteach@thirdageireland.ie,(046) 9557766,Language Support,Language Support,53.483,-6.74,"Available: All classes are available for drop in, although learners are encourage to attend regularly when possible., No time given",,,,,,,,,,,,
214,Mayo - Helplink Mental Health Service,"We are a mental health counselling service for all ages. We offer remote counselling nationally and internationally, face to face in our Galway and Castlebar offices. We provide support for mild to moderate mental health difficulties, addiction, and bereavement. We have art therapy, play therapy, couple therapy, youth therapy.","counselling, support, therapy, mental health, addiction support, gambling support, youth therapy, art therapy, play therapy, general counselling, couple counselling","1 Sloyan's Apartments, New Antrim Street, Castlebar,  Mayo,  ",F23 AE80,No,helplink.ie,HelplinkSupport@helplink.ie, (0)818 99 88 80,Youth Services;Wellbeing & Mental Health;Information & Advice;,Wellbeing & Mental Health,53.85881467,-9.298316674,N/A,,,,,,,,,,,,
178,Mayo - Legal Aid Board,"The Legal Aid Board is an independent, publicly funded organisation providing civil legal aid and advice, family mediation services, assisted decision-making services, International protection services, and much more. ","Legal Aid, Legal advice, family mediation, international protection, rights of cohabitants, guardianship, assisted decision making, traveller support, abhaile scheme","Castlebar Law and Family Mediation Centre, 1st Floor, Cavendish House, Link Road, Knockacroghery, Castlebar, Co Mayo",F23 PX44,No,www.legalaidboard.ie,lawcentrecastlebar@legalaidboard.ie,Phone: (066) 947 1000  LoCall: 0818 615 200; Mayo (094) 902 4334,Information & Advice;Housing support;Community & Family;Legal Advice;International protection;,Multiple services,53.85557379,-9.300477922,N/A,,,,,,,,,,,,
170,Mayo - Mayo Adult Guidance Service (MSLETB),Information and Guidance Service ,None,"Lucan Street, Castlebar Co Mayo ",F23FW70,No,https://msletb.ie/further-education-and-training-fet/need-help-advice/,lorrainestaunton@msletb.ie,0949041015,Information & Advice;Education;,Information & Advice,53.859,-9.297,"Monday, Tuesday, Wednesday, Thursday, Friday: 9am-5pm",,,,,,,,,,,,
170,Mayo - Mayo Adult Guidance Service (MSLETB),Information and Guidance Service ,None,"Tone Street, Ballina, Co Mayo",F26 E2N9,No,https://msletb.ie/further-education-and-training-fet/need-help-advice/,lorrainestaunton@msletb.ie,0949041015,Information & Advice;Education;,Information & Advice,54.11492939,9.157621055,"Monday, Tuesday, Wednesday, Thursday, Friday: 9am-5pm",,,,,,,,,,,,
386,Mayo - Mayo LAIT,"The Integration Team acts as the direct point of contact to provide information, guidance and advice. We visit IPAS Accommodation Centres to identify and offer supports needed by residents. This includes: Confidential clinics to understand their support needs, Signposting to relevant services, Information sessions on a 1-1 basis","Information, Asylum process, English Classes, Support",None,None,No,https://www.mayo.ie/community/integration/lait,integration@mayococo.ie,None,Information & Advice,Information & Advice,54.015,-9.429,N/A,,,,,,,,,,,,
156,Mayo - Mayo North East Leader ,"Mayo North East manages Programmes on behalf of various Government Departments. Through our Social Inclusion Community Activation Programme (SICAP) we offer support to individuals, families and community groups and networks. Through a range of activities, we aim to enable new people in our communities to settle in and integrate.","Finding work, language support, help with forms, skills development, information and guidance, integration support.","Lower Main Street, Foxford, Co. Mayo. F26 V226","F26 V226, ",No,www.mayonortheast.com,info@mayonortheast.com,N/A,Information & Advice;Language Support;Wellbeing & Mental Health;Employment & Training;,Multiple services,53.983,-9.113,"Monday, Tuesday, Wednesday, Thursday, Friday: 9am-5pm",,,,,,,,,,,,
32,Mayo - Mayo Rape Crisis Centre,"Mayo Rape Crisis Centre provides a free, safe and confidential spacef0r anyone who has experienced any form of sexual violence at any time in their lives. ",Counselling,Castlebar Mayo,Only given when appointment is made,No,mrcc.ie,mayorapecrisiscentre@gmail.com,1800 234 900,Wellbeing & Mental Health;,Wellbeing & Mental Health,53.85605404,-9.303018873,Tuesday: 10am-1pm,,,,,,,,,,,,
32,Mayo - Mayo Rape Crisis Centre,"Mayo Rape Crisis Centre provides a free, safe and confidential spacef0r anyone who has experienced any form of sexual violence at any time in their lives. ",Counselling,Ballina Mayo,Only given when appointment is made,No,mrcc.ie,mayorapecrisiscentre@gmail.com,1800 234 900,Wellbeing & Mental Health;,Wellbeing & Mental Health,54.11343488,-9.151821886,Tuesday: 10am-1pm,,,,,,,,,,,,
387,"Mayo - Mayo, Sligo and Leitrim Education and Training Board (MSLETB)","MSLETB is a leading provider of education and training in the northwest. We are responsive to the needs of learners, employers, and communities across the counties of Mayo, Sligo and Leitrim. We aim to provide a positive experience for our learners in a professional, caring and collaborative environment.",Information and Guidance on education and training opportunities,Mayo Sligo and Leitrim Education and Training Board Newtown Castlebar Co. Mayo ,F23 DV78,No,www.msletb.ie,communications@msletb.ie,1800 100100,"Information & Advice, Employment & Training, Education, Youth Services",Education,53.858,-9.303,9am - 5pm,,,,,,,,,,,,
388,Mayo - South West Mayo Development Company ,"WIN Project (AMIF funded) to offer information, supports, orientation, activities or advocacy for international protection applicants and non-EU migrants in Mayo","Information,  advice, help with forms, citizenship, new communities ","Georges Street, Newport, Co Mayo ",None ,No,www.southmayo.com ,npestova@southmayo.com,0860406134,Information & Advice,Information & Advice,53.886,-9.546,N/A,,,,,,,,,,,,
177,Mayo - Welcoming and Including New Communities (WIN) ,"The Welcoming and Including New Communities Project supports migrant families and individuals living in the community, including those seeking international protection. Staff are available to answer questions and assist with various applications including citizenship, residency, travel documents, social welfare, employment, training and education etc. ","citizenship, social welfare applications, form filling, housing, finding work, accessing training and employment Irish residency permits, integration, rights and entitlements","Welcoming and Including New Communities Project, The Golden Mile, Breaffy Road, Castlebar, Co. Mayo. F23 V125",F23 V125,No,https://southmayo.com/,win@southmayo.com,N/A,Health Services;Information & Advice;Employment & Training;Education;Housing support;Wellbeing & Mental Health;Community & Family;Legal Advice;,Multiple services,53.851,-9.282,N/A,,,,,,,,,,,,
389,Meath - Cultúr Migrants Centre,"To use a community work approach to engage with and empower ethnic minorities in Co. Meath, building participation and collective action, supporting ethnic minorities as agents for social change on issues identified by ethnic minorities themselves.","Help with forms, Finding work, Training, English classes, Rights","Ground Floor, St. Anne’s Resource Centre Railway St Navan Co. Meath.",C15 W0YX,No,https://cultur.ie/,communityworker@cultur.ie,None,"Information & Advice, Employment & Training, Education, Language Support, Housing Support, Public Awareness & Activsm",Multiple Services,53.651,-6.686,9:30am-1pm; 2-5:30pm,,,,,,,,,,,,
154,Meath - Fáilte Isteach,"Fáilte Isteach is a conversational English language project involving predominantly older volunteer tutors welcoming migrants and refugees through free, accessible classes. It's a community-based project offering a welcoming space for all. We currently have 200 active locations across 26 counties in Ireland.","Conversational English Classes, Fáilte Isteach, Improve English Conversational Skills, Free English Classes",Office address is Summerhill in Meath but we have group locations across Ireland. All classes are listed here: https://www.thirdageireland.ie/failte-isteach/locations ,A83 PW94,No,https://www.thirdageireland.ie/failte-isteach,failteisteach@thirdageireland.ie,(046) 9557766,Language Support,Language Support,53.483,-6.74,"Available: All classes are available for drop in, although learners are encourage to attend regularly when possible., No time given",,,,,,,,,,,,
178,Meath - Legal Aid Board,"The Legal Aid Board is an independent, publicly funded organisation providing civil legal aid and advice, family mediation services, assisted decision-making services, International protection services, and much more. ","Legal Aid, Legal advice, family mediation, international protection, rights of cohabitants, guardianship, assisted decision making, traveller support, abhaile scheme","Law Centre Navan, 4 Kennedy Road, Townparks, Navan, Co Meath",C15 Y53F,No,www.legalaidboard.ie,lawcentrenavan@legalaidboard.ie,Phone: (066) 947 1000  LoCall: 0818 615 200; Meath (046) 9072515,Information & Advice;Housing support;Community & Family;Legal Advice;International protection;,Multiple services,53.65379075,-6.686216044,N/A,,,,,,,,,,,,
54,Meath - LMETB Adult Educational Guidance Service (Ashbourne),"LMETB’s Guidance, Information and Recruitment Services provide: Information on education and training opportunities, full-time, part-time, locally & nationally One to one educational guidance for early school leavers and/or social welfare recipients. Referral to a range of education and training options within LMETB and other education providers",Educational/Career Guidance/English Classes/Computer Classes/Part-Time Courses,"Donaghmore Ashbourne GAA Centre,  Killegland West, Killegland, Ashbourne A84 YY47",A84 YY47,No,https://www.lmetb.ie/further-education-training/guidance-information-and-recruitment/,adultguidance@lmetb.ie,1800 991 898,Education;Employment & Training;,Employment & Training,53.51022722,-6.410480403,"Tuesday, Thursday. Different days times/also can be sessional so will need to send in a separate email as these days above are only for some centres. ",,,,,,,,,,,,
54,Meath - LMETB Adult Educational Guidance Service (Athboy),"LMETB’s Guidance, Information and Recruitment Services provide: Information on education and training opportunities, full-time, part-time, locally & nationally One to one educational guidance for early school leavers and/or social welfare recipients. Referral to a range of education and training options within LMETB and other education providers",Educational/Career Guidance/English Classes/Computer Classes/Part-Time Courses,"LMETB Adult Education & Training Centres, Kells Road, Athboy C15DK16",C15DK16,No,https://www.lmetb.ie/further-education-training/guidance-information-and-recruitment/,adultguidance@lmetb.ie,1800 991 898,Education;Employment & Training;,Employment & Training,53.62663479,-6.90739095,"Tuesday, Thursday. Different days times/also can be sessional so will need to send in a separate email as these days above are only for some centres. ",,,,,,,,,,,,
54,Meath - LMETB Adult Educational Guidance Service (Kells),"LMETB’s Guidance, Information and Recruitment Services provide: Information on education and training opportunities, full-time, part-time, locally & nationally One to one educational guidance for early school leavers and/or social welfare recipients. Referral to a range of education and training options within LMETB and other education providers",Educational/Career Guidance/English Classes/Computer Classes/Part-Time Courses,"LMETB Adult Education & Training Centres, Bective Street, Kells  A82 A07",A82 A07,No,https://www.lmetb.ie/further-education-training/guidance-information-and-recruitment/,adultguidance@lmetb.ie,1800 991 898,Education;Employment & Training;,Employment & Training,53.7242583,-6.880294173,"Tuesday, Thursday. Different days times/also can be sessional so will need to send in a separate email as these days above are only for some centres. ",,,,,,,,,,,,
54,Meath - LMETB Adult Educational Guidance Service (Laytown),"LMETB’s Guidance, Information and Recruitment Services provide: Information on education and training opportunities, full-time, part-time, locally & nationally One to one educational guidance for early school leavers and/or social welfare recipients. Referral to a range of education and training options within LMETB and other education providers",Educational/Career Guidance/English Classes/Computer Classes/Part-Time Courses,"LMETB Adult Education & Training Centres, Tara Road, Bettystown, A92 XK64",A92 XK64,No,https://www.lmetb.ie/further-education-training/guidance-information-and-recruitment/,adultguidance@lmetb.ie,1800 991 898,Education;Employment & Training;,Employment & Training,53.69375036,-6.247672433,"Tuesday, Thursday. Different days times/also can be sessional so will need to send in a separate email as these days above are only for some centres. ",,,,,,,,,,,,
54,Meath - LMETB Adult Educational Guidance Service (Meath),"LMETB’s Guidance, Information and Recruitment Services provide: Information on education and training opportunities, full-time, part-time, locally & nationally One to one educational guidance for early school leavers and/or social welfare recipients. Referral to a range of education and training options within LMETB and other education providers",Educational/Career Guidance/English Classes/Computer Classes/Part-Time Courses,"LMETB, Railway Street, Navan Co. Meath (Old Motor Tax Office) ",C15 X407,No,https://www.lmetb.ie/further-education-training/guidance-information-and-recruitment/,adultguidance@lmetb.ie,1800 991 898,Education;Employment & Training;,Employment & Training,53.649,-6.706,"Tuesday, Thursday. Different days times/also can be sessional so will need to send in a separate email as these days above are only for some centres. ",,,,,,,,,,,,
54,Meath - LMETB Adult Educational Guidance Service (Trim),"LMETB’s Guidance, Information and Recruitment Services provide: Information on education and training opportunities, full-time, part-time, locally & nationally One to one educational guidance for early school leavers and/or social welfare recipients. Referral to a range of education and training options within LMETB and other education providers",Educational/Career Guidance/English Classes/Computer Classes/Part-Time Courses,"LMETB Adult Education & Training Centres, New Haggard Street, Trim C15 RD25",C15 RD25,No,https://www.lmetb.ie/further-education-training/guidance-information-and-recruitment/,adultguidance@lmetb.ie,1800 991 898,Education;Employment & Training;,Employment & Training,53.55256623,-6.79258037,"Tuesday, Thursday. Different days times/also can be sessional so will need to send in a separate email as these days above are only for some centres. ",,,,,,,,,,,,
394,Meath - Meath County Council,"The Local Authority Integration Team (LAIT) is available to provide on-going integration supports to people categorised in any of the following groups living in County Meath: International Protection (IP) applicants, Programme Refugees, Beneficiaries of Temporary Protection (BOTP).","The Integration team will provide signposting to services one needs to access employment and develop English language proficiency, access childcare and healthcare services and to connect to sporting and other local/community activities. ","Buvinda House, Dublin Road, Navan, Co. Meath",C15 Y291,No,https://www.meath.ie/council/council-services/community/local-authority-integration-team,integration@meathcoco.ie,0469097000,Information & Advice,Multiple Services,53.649,-6.685,"By appointment only. Monday, Tuesday, Wednesday, Thursday, Friday: 9am-5pm (closed for lunch 1-2pm)",,,,,,,,,,,,
110,Meath - Meath Partnership Ltd,"Meath Partnership is a dynamic partnership company established in 2006 to deliver a range of rural, social and economic programmes at local level across County Meath.  Through these programmes, we provide support and assistance to private individuals and community groups active at local level through capital grant aid, technical assistance, guidance and mentoring, information and support, training opportunities and development initiatives.  We are constantly updating and improving the range of services and supports we provide to meet the needs of our customers and clients.","Through these programmes: SICAP (Social Inclusion Community Activation Program), Meath Volunteer Centre, TUS, Leader, Rural Social Scheme, EU Projects, Education & Training we provide support and assistance to private individuals and community groups active at local level through capital grant aid, technical assistance, guidance and mentoring, information and support, training opportunities and development initiatives.","Units J & K, Kells Business Park Cavan Road Kells Co. Meath A82 N6P8",A82 N6P8,No,https://meathpartnership.ie,info@meathparntership.ie,00353 46 9280790 ,Information & Advice;Employment & Training;Education;Wellbeing & Mental Health;Community & Family;Public Awareness & Activism;Environment;,Multiple services,53.74,-6.901,N/A,,,,,,,,,,,,
223,Meath - Trim Family Resource Centre,"Trim FRC is a locally based family support and community development project. We provide services such as a food bank, social prescribing and wellbeing courses. ","Food Bank, Health and Wellbeing Courses, Social Prescribing, Family Support, English Classes, Conversational English Classes","22 Mornington Drive, Trim, Co. Meath, C15 R853",C15 R853,No,https://trimfamilyresourcecentre.ie/,info@trimfrc.ie,046 943 8850,"Information & Advice;Language Support;Wellbeing & Mental Health;Community & Family;Emergency & Homelessness Support (e.g. food, shelter, day services);",Community & Family,53.54937268,-6.788796409,N/A,,,,,,,,,,,,
223,Meath - Trim Family Resource Centre,"Trim FRC is a locally based family support and community development project. We provide services such as a food bank, social prescribing and wellbeing courses. ","Food Bank, Health and Wellbeing Courses, Social Prescribing, Family Support, English Classes, Conversational English Classes","The Bungalow, 15 Wellington Avenue, Trim, Co. Meath, C15 FC03",C15 FC03,No,https://trimfamilyresourcecentre.ie/,info@trimfrc.ie,046 943 8850,"Information & Advice;Language Support;Wellbeing & Mental Health;Community & Family;Emergency & Homelessness Support (e.g. food, shelter, day services);",Community & Family,53.55023581,-6.790952878,N/A,,,,,,,,,,,,
222,Meath - Ukrainian community in Co. Meath,"We are a community organization supporting Ukrainians in County Meath. We provide social, educational, and cultural programs, language support, and assistance with integration and employment. Our goal is to foster community connections, well-being, and empowerment for Ukrainian individuals and families living in the area.","Ukrainian support, community programs, integration help, English classes, employment support, social services, cultural activities, language support, family assistance","22 Mornington Drive, Trim, Co. Meath, C15 R853",C15 R853,No,https://ucm.ie,ukr.com.meath@gmail.com,089 204 4637,Information & Advice;Employment & Training;Education;Language Support;Wellbeing & Mental Health;Community & Family;Youth Services;Public Awareness & Activism;Culture & the Arts;,Information & Advice,53.54937268,-6.788796409,N/A,,,,,,,,,,,,
395,Monaghan - Cavan and Monaghan Education and Training Board ,"We aim to provide adults in counties Cavan and Monaghan with the Information, Advice, and Guidance needed to help them make the correct decisions regarding their education, training and career choices.",English classes all levels ,"CMETB Adult Education Service, Dun Mhuire, Mullaghanmonaghan, Monaghan , H18T383",H18T383,No,https://www.cmetbadultguidance.ie/,monaghanguidance@cmetb.ie,04730800,Information & Advice,Information & Advice,54.247,-6.975,"Wednesday, Thursday: 9.30am-12.00pm",,,,,,,,,,,,
396,Monaghan - Cavan and Monaghan Education and Training Board ,"We aim to provide adults in counties Cavan and Monaghan with the Information, Advice, and Guidance needed to help them make the correct decisions regarding their education, training and career choices.",English classes all levels ,"CMETB Adult Education Service, The Workhouse, Shercock Road, Carrickmacross, Co Monaghan",A81 E372,No,https://www.cmetbadultguidance.ie/,monaghanguidance@cmetb.ie,04730800,Information & Advice,Information & Advice,53.98083124,-6.719730575,"Wednesday, Thursday: 9.30am-12pm",,,,,,,,,,,,
397,Cavan - Cavan and Monaghan Education and Training Board ,"We aim to provide adults in counties Cavan and Monaghan with the Information, Advice, and Guidance needed to help them make the correct decisions regarding their education, training and career choices.",English classes all levels ,"CMETB Adult Education Service, Units 4 and 5, Church View Square, Cavan",H12 A592,No,https://www.cmetbadultguidance.ie/,cavanguidance@cmetb.ie,0494377001,Information & Advice,Information & Advice,53.99529169,-7.351361699,"Wednesday, Thursday: 9.30am-12pm",,,,,,,,,,,,
398,Cavan - Cavan and Monaghan Education and Training Board ,"We aim to provide adults in counties Cavan and Monaghan with the Information, Advice, and Guidance needed to help them make the correct decisions regarding their education, training and career choices.",English classes all levels ,"CMETB Adult Education Service, Virginia Rd, Kilmore, Ballyjamesduff, Co Cavan",A82 AX70,No,https://www.cmetbadultguidance.ie/,cavanguidance@cmetb.ie,0498553528,Information & Advice,Information & Advice,53.86864176,-7.193266024,"Wednesday, Thursday: 9.30am-12pm",,,,,,,,,,,,
233,Monaghan - Clones Family Resource LTD ,"Prime contact(1 call resolution, immigration, asylum, DSP) Counselling, play therapy, Kool kids, baby and toddler, social prescribing  ",Help with anything related to community services. ,"Jubilee road unit 5, clones co Monaghan ",H23AE75,No,www.clonesfrc.com,edgar@clonesfrc.ie,04752919,Information & Advice;Housing support;Wellbeing & Mental Health;Community & Family;Language Support;Health Services;Environment;,Information & Advice,54.18142084,-7.232046783,"Monday, Tuesday, Wednesday, Thursday, Friday: 9.30am-4pm",,,,,,,,,,,,
154,Monaghan - Fáilte Isteach,"Fáilte Isteach is a conversational English language project involving predominantly older volunteer tutors welcoming migrants and refugees through free, accessible classes. It's a community-based project offering a welcoming space for all. We currently have 200 active locations across 26 counties in Ireland.","Conversational English Classes, Fáilte Isteach, Improve English Conversational Skills, Free English Classes",Office address is Summerhill in Meath but we have group locations across Ireland. All classes are listed here: https://www.thirdageireland.ie/failte-isteach/locations ,A83 PW94,No,https://www.thirdageireland.ie/failte-isteach,failteisteach@thirdageireland.ie,(046) 9557766,Language Support,Language Support,53.483,-6.74,"Available: All classes are available for drop in, although learners are encourage to attend regularly when possible., No time given",,,,,,,,,,,,
43,Monaghan - ISPCC Childline Therapeutic Support Service,Our Childline Therapeutic Support Service (CTSS) in Co Cavan & Monaghan works with children and young people (up to 18 years of age) and their families. Our service is based on a resilience model and provides children & young people with 1:1 therapeutic support during difficult or traumatic times in their lives. We work on the ethos of voluntary participation where each individual is respected and valued.,"Therapeutic Support, parenting, resilience, wellbeing, coping strategies, self esteem, confidence","ISPCC YWCA Building, North rd, Monaghan",H18 KF98,No,www.ispcc.ie,monaghan@ispcc.ie,086 8353745,Wellbeing & Mental Health;Community & Family;Youth Services;Public Awareness & Activism;,Wellbeing & Mental Health,54.249,-6.992,N/A,,,,,,,,,,,,
178,Monaghan - Legal Aid Board,"The Legal Aid Board is an independent, publicly funded organisation providing civil legal aid and advice, family mediation services, assisted decision-making services, International protection services, and much more. ","Legal Aid, Legal advice, family mediation, international protection, rights of cohabitants, guardianship, assisted decision making, traveller support, abhaile scheme","Law Centre Monaghan, Alma House, The Diamond, Co Monaghan",H18 PD65,No,www.legalaidboard.ie,lcmonaghan@legalaidboard.ie,Phone: (066) 947 1000  LoCall: 0818 615 200; Monaghan (047) 84888,Information & Advice;Housing support;Community & Family;Legal Advice;International protection;,Multiple services,54.24933156,-6.966780022,N/A,,,,,,,,,,,,
233,Monaghan - Monaghan County Council Local Authority Integration Team,"Monaghan County Council Integration Team providing signposting support to newly arrived migrants, IPA's, BOTPS and program refugees in the local area. We run weekly clinics in both accommodation centres and public spaces for people to access our support ","integration, information, support, help with forms, education advice, social welfare advice, medical card advice, employment advice, information clinics, work permit advice, voluntary return ",None,None ,No,www.monaghan.ie ,integration@monaghancoco.ie,047 73787,"Information & Advice, Wellbeing & Mental Health, Community & Family",Information & Advice,54.249,-6.968,Carrickmacross Workhouse - Thursdays: 11am-1pm; Monaghan Library Peace Campus - Wednesdays: 1:30pm-3:30pm,,,,,,,,,,,,
403,Monaghan - Monaghan Integrated Development,"Local Development Company. services include: Life Coaching, Training Fund, Driving Lessons, Parenting Programmes, Self-Employment Supports, Household Budgeting, English Conversation Classes.","English classes, financial assistance for training or education, parenting, employment supports'","Monaghan Integrated Development CLG, Unit 9 Drumillard Business Park, Castleblayney, Co Monaghan, Ireland. ",A75 HR59,No,www.midl.ie,info@midl.ie,042 97 49500,"Information & Advice, Employment & Training, Language Support, Community & Family",Multiple Services,54.124,-6.743,N/A,,,,,,,,,,,,
404,Monaghan - Monaghan Integrated Development ,"Monaghan Integrated Development is a Local Development Company providing rural development, community development and social inclusion supports for people living in Co Monaghan. ","English classes, financial assistance for training or education, parenting, employment supports'","Castleblayney, Co. Monaghan ",A75 HR59,No,www.midl.ie ,info@midl.ie,042 9749500,"Information & Advice, Employment & Training, Education, Language Support, Wellbeing & Mental Health, Community & Family",Multiple Services,54.124,-6.743,9am-5pm,,,,,,,,,,,,
405,Monaghan - Monaghan Migrant Support Centre,"Monaghan Migrant Support Centre run by Monaghan Integrated Development provides various supports for migrants on site and in outreach in County Monaghan: Failte Isteach classes - Conversational English of all levels; Women and toddler group; Men's group. Individual support: Ukrainian Support, Health Intercultural Support Translation service LINC","English classes, help with forms, information, migrant support, events, support for Ukrainians","North Rd, Mullaghmonaghan, Monaghan, H18 ET71",H18 ET71,No,https://www.facebook.com/MigrantSupportMonaghan/,failte.isteachmonaghan@gmail.com,087 673 8835,"Health Services, Information & Advice, Education, Language Support, Community & Family",Multiple Services,54.249,-6.971,9am-1pm,,,,,,,,,,,,
406,Monaghan - Places of Sanctuary/Schools of Sanctuary,"We aim to build a culture of welcome, inclusion and understanding for all refugees and asylum seekers coming to Ireland. We help create spaces where refugees and other newcomers can meet and build understanding with locals, through Schools, Universities and other Places of Sanctuary.","Welcoming refugees in schools, Universities, churches, libraries and communities",Monaghan,None,No,https://schools-ireland.cityofsanctuary.org/,schools@ireland.cityofsanctuary.org,None,"Employment & Training, Education, Language Support, Community & Family, Public Awareness & Activsm, Empowering and linking refugees and host communities",Education,54.249,-6.968,N/A,,,,,,,,,,,,
407,Monaghan - Sanctuary Runners,"We have groups nation wide. You can find the updated list at https://sanctuaryrunners.ie/groups/  . Sanctuary Runners uses running, jogging and walking to bring together everyone in the community. Our model allows people to get to know each other and have fun while getting some exercise, especially migrants and refugees new to the community! We operate under the principles of solidarity, friendship and respect. ","Community, friendship, network, running, walking, jogging, exercise, mental health, wellbeing, parks",Monaghan Town,None,No,https://sanctuaryrunners.ie/,sanctuaryrunnersmonaghan@gmail.com,None,"Wellbeing & Mental Health, Community & Family",Multiple Services,54.249,-6.968,"Yes, each group welcomes people to 'just show up'. Times vary depending on the group",,,,,,,,,,,,
154,Offaly - Fáilte Isteach,"Fáilte Isteach is a conversational English language project involving predominantly older volunteer tutors welcoming migrants and refugees through free, accessible classes. It's a community-based project offering a welcoming space for all. We currently have 200 active locations across 26 counties in Ireland.","Conversational English Classes, Fáilte Isteach, Improve English Conversational Skills, Free English Classes",Office address is Summerhill in Meath but we have group locations across Ireland. All classes are listed here: https://www.thirdageireland.ie/failte-isteach/locations ,A83 PW94,No,https://www.thirdageireland.ie/failte-isteach,failteisteach@thirdageireland.ie,(046) 9557766,Language Support,Language Support,53.483,-6.74,"Available: All classes are available for drop in, although learners are encourage to attend regularly when possible., No time given",,,,,,,,,,,,
408,Offaly - Laois & Offaly Citizens Information Service,"Citizens Information Services provide free, impartial, and confidential information, advice and advocacy services to the public. Our Information Officers assist people with queries on a broad spectrum of public and social services, including social welfare entitlements, income tax calculations, housing supports and access to health services.","Information, rights, entitlements, housing, social welfare, employment, immigration, consumer rights, health, tax,","Bridge Centre, Tullamore, Co. Offaly",R35Y6Y7,No,www.citinfo.ie,tullamore@citinfo.ie,0818 07 6290,Information & Advice,Information & Advice,53.274,-7.493,"Monday, Tuesday, Wednesday, Thursday,Friday: 9:30am-12:30pm",,,,,,,,,,,,
178,Offaly - Legal Aid Board,"The Legal Aid Board is an independent, publicly funded organisation providing civil legal aid and advice, family mediation services, assisted decision-making services, International protection services, and much more. ","Legal Aid, Legal advice, family mediation, international protection, rights of cohabitants, guardianship, assisted decision making, traveller support, abhaile scheme","Law Centre Tullamore, Harbour Street, Tullamore, Co Offaly",R35 NW08,No,www.legalaidboard.ie,lawcentretullamore@legalaidboard.ie,Phone: (066) 947 1000  LoCall: 0818 615 200; Offaly (057) 9351177,Information & Advice;Housing support;Community & Family;Legal Advice;International protection;,Multiple services,53.27647689,-7.490765043,N/A,,,,,,,,,,,,
42,Offaly - Offaly County Childcare Committee Clg ,Offaly County Childcare Committee supports parents to find and access preschool and school aged places and parent & toddler groups. Offaly CCC can support parents to apply for NCS for their child. Offaly CCC delivers Stay & Play Sessions in towns throughout the county.  It supports childminders to register. ,"ECCE Places, School Age Places, NCS Scheme, Parent & Toddler Groups, Stay & Play Sessions","Floor 1, 8 O'Connor Square, Tullamore, Co. Offaly R35 Y7P0",R35 Y7P0,No,www.offalychildcare.com,aine@offalychildcare.com,057 9135878,Community & Family;Information & Advice;Support to find childcare places. ;,Information & Advice,53.274,-7.513,"Monday, Tuesday, Wednesday, Thursday, Friday: 9.30am-4.30pm",,,,,,,,,,,,
409,Offaly - Offaly County Council,"Local Authority Integration Teams promote integration from day 1 by helping international protection applicants,refugees & beneficiaries of temporary protection access services and supports.Through service mapping,clinics & tailored coordination,LAITs ensure individuals & families can engage with their communities & thrive in their new environment.","Integration,  access, welcoming,  supportive, help, inclusive, empowering, practical, caring, community, guidance, informative, holistic,  compassionate ","Offaly County Council, Aras an Chontae, Charleville Road, Tullamore, Co Offaly R35 F893",R35 F893 ,No,www.offaly.ie/local-authority-integration-team-lait/,integration@offalycoco.ie,0579346800,Information & Advice,Multiple Services,53.269,-7.5,Not at present,,,,,,,,,,,,
410,Offaly - OFFALY VOLUNTEER CENTRE,"We are a voluntary organisation and registered charity. Our remit is to support volunteers and VIOs in County Offaly. In March 2022, OVC established Sonyashnyk Offaly (Sunflowers Offaly) in response to the Ukrainian crisis. It is a hub that provides a free shop with necessary clothing and personal hygiene items. Support & Advice.","CLOTHING, PERSONAL HYGIENE ITEMS, ADVICE, SUPPORT, BEFRIENDING",Offaly Volunteer Centre Bury Quay TULLAMORE,R35Y5V0,No,www.volunteeroffaly.ie,ernest@volunteeroffaly.ie,0830154669,"Information & Advice, Community & Family, Public Awareness & Activsm",Multiple Services,53.278,-7.493,"Monday, Tuesday, Wednesday, Thursday, Friday, Saturday: 10am-1pm",,,,,,,,,,,,
411,Offaly - Sanctuary Runners,"We have groups nation wide. You can find the updated list at https://sanctuaryrunners.ie/groups/  . Sanctuary Runners uses running, jogging and walking to bring together everyone in the community. Our model allows people to get to know each other and have fun while getting some exercise, especially migrants and refugees new to the community! We operate under the principles of solidarity, friendship and respect. ","Community, friendship, network, running, walking, jogging, exercise, mental health, wellbeing, parks",Tullamore,None,No,https://sanctuaryrunners.ie/,tullamore@sanctuaryrunners.ie,None,"Wellbeing & Mental Health, Community & Family",Multiple Services,53.275,-7.492,"Yes, each group welcomes people to 'just show up'. Times vary depending on the group",,,,,,,,,,,,
79,Offaly - Tullamore International Welcome Centre ,"A welcoming, open place where people of all nationalities can meet to make new friends, practice English and learn about local resources.","English classes, local information, integration support, friendship, community, Church of Sanctuary, parent support, housing advice","Tullamore Presbyterian Church, High Street, Tullamore, Offaly, R35XY92 ",R35XY92 ,No,www.praystation.ie,william@tullamorepresbyterian.org,0851476929,Information & Advice;Language Support;Wellbeing & Mental Health;Community & Family;Housing support;,Multiple services,53.272,-7.515,Thursday: 2-5pm,,,,,,,,,,,,
227,Roscommon - Ballaghaderreen Family Resource Centre,"We are a Family Resource Centre so would offer various groups, supports and signposting to other agencies","Signposting, family support, community inclusion","New street, Ballaghaderreen, ",F45EK13,No,www.ballaghaderreenfrc.ie,coordinator@ballaghaderreenfrc.ie,0866048560,Information & Advice;Community & Family;,Community & Family,53.90056226,-8.584205162,"Monday, Tuesday, Wednesday, Thursday, Friday: 9am-5pm (closed for lunch 1-2pm)",,,,,,,,,,,,
135,Roscommon - Boyle Family Resource Centre,"We aim to support and enrich family life through a wide range of community and family based supports including counselling and psychotherapy services, baby and toddler groups, Food Bank, English language support, various support groups and targeted workshops/ education opportunities. We also, have Community Inclusion Support Service that focuses on meaningful integration and advocacy for all members of our community.members ","Family Support, Counselling, Psychotherapy, Community Inclusion, Information and advice, help with forms, English language class","Boyle FRC, Military Road,  Boyle, Co. Roscommon",F52H674,No,www.boylefrc.ie,info@boylefrc.ie,0719663000,"Information & Advice;Language Support;Wellbeing & Mental Health;Community & Family;Emergency & Homelessness Support (e.g. food, shelter, day services);",Multiple services,53.975,-8.3,"Monday, Tuesday, Wednesday, Thursday, Friday: 9am-5pm",,,,,,,,,,,,
154,Roscommon - Fáilte Isteach,"Fáilte Isteach is a conversational English language project involving predominantly older volunteer tutors welcoming migrants and refugees through free, accessible classes. It's a community-based project offering a welcoming space for all. We currently have 200 active locations across 26 counties in Ireland.","Conversational English Classes, Fáilte Isteach, Improve English Conversational Skills, Free English Classes",Office address is Summerhill in Meath but we have group locations across Ireland. All classes are listed here: https://www.thirdageireland.ie/failte-isteach/locations ,A83 PW94,No,https://www.thirdageireland.ie/failte-isteach,failteisteach@thirdageireland.ie,(046) 9557766,Language Support,Language Support,53.483,-6.74,"Available: All classes are available for drop in, although learners are encourage to attend regularly when possible., No time given",,,,,,,,,,,,
34,Roscommon - Galway Roscommon Education and Training Board,GRETBs Further Education and Training Service provides courses from level 1 to 6 on the National Framework of Qualifications.  We also provide and Information and Guidance Service for people who would like to return to education.  ,"English classes, Further Education courses, Training courses, Educational Information and Guidance ","GRETB FET Centre Lisnamult, Roscommon, Ireland",F42 H985,No,www.gretb.ie,guidance@gretb.ie,1800 140 242,Education;,Education,53.62508074,-8.197275561,"Monday, Tuesday, Wednesday, Thursday, Friday. Our centres are open throughout the week for people to drop in and find out more about the courses we offer.",,,,,,,,,,,,
34,Roscommon - Galway Roscommon Education and Training Board,GRETBs Further Education and Training Service provides courses from level 1 to 6 on the National Framework of Qualifications.  We also provide and Information and Guidance Service for people who would like to return to education.  ,"English classes, Further Education courses, Training courses, Educational Information and Guidance ","GRETB FET Centre Ballaghadereen, Convent Road, Ballaghaderreen, Co. Roscommon",F45 RX89,No,www.gretb.ie,guidance@gretb.ie,1800 140 242,Education;,Education,53.90272149,-8.578518115,"Monday, Tuesday, Wednesday, Thursday, Friday. Our centres are open throughout the week for people to drop in and find out more about the courses we offer.",,,,,,,,,,,,
34,Roscommon - Galway Roscommon Education and Training Board,GRETBs Further Education and Training Service provides courses from level 1 to 6 on the National Framework of Qualifications.  We also provide and Information and Guidance Service for people who would like to return to education.  ,"English classes, Further Education courses, Training courses, Educational Information and Guidance ","GRETB FET Centre Boyle, Marian Road, Boyle, Co. Roscommon",F52 X580,No,www.gretb.ie,guidance@gretb.ie,1800 140 242,Education;,Education,53.97302623,-8.292320514,"Monday, Tuesday, Wednesday, Thursday, Friday. Our centres are open throughout the week for people to drop in and find out more about the courses we offer.",,,,,,,,,,,,
34,Roscommon - Galway Roscommon Education and Training Board,GRETBs Further Education and Training Service provides courses from level 1 to 6 on the National Framework of Qualifications.  We also provide and Information and Guidance Service for people who would like to return to education.  ,"English classes, Further Education courses, Training courses, Educational Information and Guidance ","GRETB FET Centre Castlerea, St. Patrick Street, Castlerea, Co. Roscommon",F45 X431,No,www.gretb.ie,guidance@gretb.ie,1800 140 242,Education;,Education,53.76649766,-8.479653658,"Monday, Tuesday, Wednesday, Thursday, Friday. Our centres are open throughout the week for people to drop in and find out more about the courses we offer.",,,,,,,,,,,,
34,Roscommon - Galway Roscommon Education and Training Board,GRETBs Further Education and Training Service provides courses from level 1 to 6 on the National Framework of Qualifications.  We also provide and Information and Guidance Service for people who would like to return to education.  ,"English classes, Further Education courses, Training courses, Educational Information and Guidance ","GRETB FET Centre Lanesboro Street, Roscommon, Co. Roscommon",F42 NA72,No,www.gretb.ie,guidance@gretb.ie,1800 140 242,Education;,Education,53.6338086,-8.183867595,"Monday, Tuesday, Wednesday, Thursday, Friday. Our centres are open throughout the week for people to drop in and find out more about the courses we offer.",,,,,,,,,,,,
34,Roscommon - Galway Roscommon Education and Training Board,GRETBs Further Education and Training Service provides courses from level 1 to 6 on the National Framework of Qualifications.  We also provide and Information and Guidance Service for people who would like to return to education.  ,"English classes, Further Education courses, Training courses, Educational Information and Guidance ","GRETB YouthReach Ballaghadereen, Convent Road, Ballaghadereen",F45 TX97,No,www.gretb.ie,guidance@gretb.ie,1800 140 242,Education;,Education,53.90231912,-8.578757715,"Monday, Tuesday, Wednesday, Thursday, Friday. Our centres are open throughout the week for people to drop in and find out more about the courses we offer.",,,,,,,,,,,,
34,Roscommon - Galway Roscommon Education and Training Board,GRETBs Further Education and Training Service provides courses from level 1 to 6 on the National Framework of Qualifications.  We also provide and Information and Guidance Service for people who would like to return to education.  ,"English classes, Further Education courses, Training courses, Educational Information and Guidance ","GRETB YouthReach Roscommon, Lisnamult, Roscommon",F42 H985,No,www.gretb.ie,guidance@gretb.ie,1800 140 242,Education;,Education,53.62487713,-8.192297381,"Monday, Tuesday, Wednesday, Thursday, Friday. Our centres are open throughout the week for people to drop in and find out more about the courses we offer.",,,,,,,,,,,,
221,Roscommon - Local Authority Integration Team Roscommon,"Local Authority Integration Teams (LAITs) promote integration by helping international protection applicants, refugees, and beneficiaries of temporary protection access essential services and supports. LAITs ensure individuals and families can fully engage with their communities and thrive in their new environment.","Integration, Access, Welcoming, Supportive, Help, Inclusive, Empowering, Practical, Caring, Community, Guidance, Informative, Holistic, Compassionate","Áras an Chontae, Roscommon, Co. Roscommon, F42 VR98 ",F42 VR98 ,No,https://www.roscommoncoco.ie/en/,smcnaboe@roscommoncoco.ie,0906637203,Information & Advice,Information & Advice,53.63,-8.195,"Available: Yes, No time given",,,,,,,,,,,,
218,Roscommon - Refugee support Ballaghaderreen,"We support mostly, Syrian and Afghan refugees to integrate and understand irish methods of doing personal business. We involve young people in sporting activities. We assist refugee to settle in their new homes. ",None,Ballaghaderreen,None,No,https://www.facebook.com/Refugee-Support-Ballaghaderreen-613546418855619/,focballaghaderreen@gmail.com,N/A,"Health Services, Information & Advice, Employment & Training, Education, Language Support, Housing Support, Wellbeing & Mental Health, Community & Family, Youth Services, Legal Advice, Public Awareness & Activsm",Multiple Services,53.902,-8.579,Available:  No time given,,,,,,,,,,,,
412,Roscommon - Roscommon Volunteer Centre,We connect people who are interested in volunteering with meaningful volunteer roles in local community-based organisations.,"volunteer, CV, skills development, improve English, network, meet locals","The Square, Roscommon Town, Co. Roscommon, F42 DP08",F42 DP08,No,www.volunteerroscommon.ie,info@volunteerroscommon.ie,+353(0)89-400-8332,Opportunity to engage in volunteering and community development,Other,53.632,-8.19,Yes,,,,,,,,,,,,
163,"Sligo - Adult Educational Guidance, MSLETB (Sligo)","The Adult Educational Guidance Service helps people to make informed education, career and life choices by providing impartial and confidential Guidance Counselling, Information and Support to adults in relation to their education, training and career options. ",Educational Guidance,"MSLETB, Quay St., Sligo",F91 XH96,No,https://msletb.ie/,sligoadultguidance@msletb.ie,0860287319,Information & Advice;Educational Guidance;,Educational Guidance,54.274,-8.477,"Monday, Tuesday, Wednesday, Thursday, Friday: 9am-5pm",,,,,,,,,,,,
122,Sligo - Border Crossings Theatre Company,"Border Crossings works closely with refugees and migrants in the creation of theatre productions and films, including advocacy. ","theatre, storytelling, advocacy","The Factory Performance Space,  Lower Quay Street, Sligo ",F91 FX45,No,bordercrossings.ie,info@bordercrossings.ie,+353 (0)871 094026,Culture & the Arts;,Culture & the Arts,54.274,-8.478,N/A,,,,,,,,,,,,
154,Sligo - Fáilte Isteach,"Fáilte Isteach is a conversational English language project involving predominantly older volunteer tutors welcoming migrants and refugees through free, accessible classes. It's a community-based project offering a welcoming space for all. We currently have 200 active locations across 26 counties in Ireland.","Conversational English Classes, Fáilte Isteach, Improve English Conversational Skills, Free English Classes",Office address is Summerhill in Meath but we have group locations across Ireland. All classes are listed here: https://www.thirdageireland.ie/failte-isteach/locations ,A83 PW94,No,https://www.thirdageireland.ie/failte-isteach,failteisteach@thirdageireland.ie,(046) 9557766,Language Support,Language Support,53.483,-6.74,"Available: All classes are available for drop in, although learners are encourage to attend regularly when possible., No time given",,,,,,,,,,,,
38,Sligo - Haven,"A place of welcome and safety for international newcomers to Sligo. Conversational English, arts, crafts and much more!  Everyone welcome! ","Conversational English, arts, crafts, help with forms, integration, community, friendship, advice, support","Sligo Presbyterian Church Hall, Church Street, Sligo, F91 EY8K ",F91 EY8K ,No,sligopresbyterianchurch,sligopresbyterianchurch@gmail.com ,N/A,Language Support;Community & Family;Culture & the Arts;,Multiple services,54.27,-8.496,N/A,,,,,,,,,,,,
178,Sligo - Legal Aid Board,"The Legal Aid Board is an independent, publicly funded organisation providing civil legal aid and advice, family mediation services, assisted decision-making services, International protection services, and much more. ","Legal Aid, Legal advice, family mediation, international protection, rights of cohabitants, guardianship, assisted decision making, traveller support, abhaile scheme","Sligo Law and Family Mediation Centre, Bridgewater House, Rockwood Parade, Thomas Street, Sligo",F91 Y9YY,No,www.legalaidboard.ie,lawcentresligo@legalaidboard.ie,Phone: (066) 947 1000  LoCall: 0818 615 200: Sligo (071) 916 1670,Information & Advice;Housing support;Community & Family;Legal Advice;International protection;,Multiple services,54.27185582,-8.472978382,N/A,,,,,,,,,,,,
36,Sligo - Local Authority Integration Team (LAIT). Sligo County Council,"The Local Authority Team provides support and information to IPAS residents, those with Refugee status and BOTP's to assist them with integration into our communities.","Help with finding English language classes, employment and volunteering opportunities","Sligo County Council County Hall, Riverside, Sligo",F91 Y763,No,https://www.sligococo.ie/,integration@sligococo.ie,0876059191 or 0870330871,Information & Advice;,Information & Advice,54.271,-8.483,N/A,,,,,,,,,,,,
413,Sligo - MSLETB,"We provide information and guidance on educational and training opportunities to adults and young people over the age of 16 who have left fulltime education. Our service is free, confidential and impartial. ",Information and Guidance on education and training opportunities,"Quay St., Sligo",F91XH96,No,https://msletbadultguidance.ie/,Email 1: sligoadultguidance@msletb.ie ; Email 2: josephinemcgread@msletb.ie ; Email 3: grainnedunne@msletb.ie,071 9138410,Information & Advice,Multiple Services,54.212,-8.51,"Yes, open Monday-Friday from 9am-5pm (closed 1pm-2pm)",,,,,,,,,,,,
414,Sligo - Sanctuary Runners,"We have groups nation wide. You can find the updated list at https://sanctuaryrunners.ie/groups/  . Sanctuary Runners uses running, jogging and walking to bring together everyone in the community. Our model allows people to get to know each other and have fun while getting some exercise, especially migrants and refugees new to the community! We operate under the principles of solidarity, friendship and respect. ","Community, friendship, network, running, walking, jogging, exercise, mental health, wellbeing, parks",Sligo Town,None,No,https://sanctuaryrunners.ie/,sligo@sanctuaryrunners.ie,None,"Wellbeing & Mental Health, Community & Family",Multiple Services,54.277,-8.476,"Yes, each group welcomes people to 'just show up'. Times vary depending on the group",,,,,,,,,,,,
236,Sligo - Sligo Family Resource Centre,"Our Family Support Workers support parents and children directly, Disability Support Workers - adults with learning disabilities, English language and migrant supports, plus general supports including social prescribingfor parents","English classes, migrant women's group, language camps for children, ","49 the Mall, Sligo", F91HR58,No,https://sligofamilyresourcecentre.org/,sligofrc@gmail.com,0719146315,Information & Advice;Language Support;Wellbeing & Mental Health;Community & Family;Public Awareness & Activism;Social Prescribing;,Multiple services,54.27261974,-8.470470216,"Monday, Tuesday, Wednesday, Thursday, Friday: 9:30am-4:30pm",,,,,,,,,,,,
415,Sligo - Sligo Leader Partnership CLG,"Supporting Individuals, Communities and Enterprise with Employment training and placements, Social inclusion, Access to education and lifelong learning, Rural and social enterprise development, Community enhancement, Environmental projects",None,Sligo,F91 P7N2,No,https://www.sligoleader.ie/,info@sligoleader.com,None,"Health Services, Information & Advice, Employment & Training, Education, Language Support, Wellbeing & Mental Health, Community & Family, Youth Services",Information & Advice,54.266,-8.454,N/A,,,,,,,,,,,,
416,Sligo - Sligo LEADER Partnership CLG,"Supporting Individuals, Communities and Enterprise with Employment training and placements, Social inclusion, Access to education and lifelong learning, Rural and social enterprise development, Community enhancement, Environmental projects",None,Sligo,F91 KOVC,No,https://www.sligoleader.ie/,info@sligoleader.com,None,"Health Services, Information & Advice, Employment & Training, Education, Language Support, Wellbeing & Mental Health, Community & Family, Youth Services",Information & Advice,54.26710168,-8.468490799,N/A,,,,,,,,,,,,
417,Sligo - Sligo Local Authority Integration team. ,"Work with centre managers to understand the overall needs of those in accommodation centres. Supporting BOTPS, IPA'S and those with status in accessing services. Highlight issues and gaps through National Reporting. Information sharing.","Integration, support, signposting ",No drop in service at this time.,F91 Y763,No,https://www.sligococo.ie/lait/,integration@sligococo.ie,087 0330871,Information & Advice,Information & Advice,54.271,-8.463,N/A,,,,,,,,,,,,
39,Sligo - Sligo Presbyterian Church,Sligo Presbyterian Church welcomes people of all nationalities to worship on a Sunday and to take part in all our activities/events. We currently have almost 30 nationalities represented in our church family. ,"Christian, church, faith, religion, community","Sligo Presbyterian Church, Church Street, Sligo",F91 A312,No,Sligopresbyterianchurch,Sligopresbyterianchurch@gmail.com ,N/A,Community & Family;Christian faith;,Multiple services,54.27,-8.496,N/A,,,,,,,,,,,,
418,Sligo - Sligo Volunteer Centre ,"We offer support and advice to members of the public who wish to engage in the community as volunteers. Volunteering can provide a great opportunity for people to meet people, make friends and practice english language skills. ",Finding volunteer roles,"5 JFK Parade, Sligo ",F91D682,No,www.volunteersligo.ie ,info@volunteersligo.ie,071-911 1042,Support on accessing volunteering opportunties,Information & Advice,54.271,-8.47,"Tuesday, Wednesday, Thursday: 10am-2pm. Other times by appointment",,,,,,,,,,,,
185,Sligo - The Model arts centre,"The Model is an inclusive arts space offering cultural programmes throughout the year, including for Africa Day, Culture Night, and other key festivals. It is home to Sligo Global Kitchen, our community art project that brings migrant and local communities together to share food, culture, and creativity around its communal table.","Art workshops, cultural events, community art, Africa Day, Culture Night, food and culture, Sligo events, social hub, migrant communities, creative programmes, inclusive spaces, free events, local festivals, make art, meet people, community kitchen, Sligo Global Kitchen","The Model, The Mall, Sligo F91 TP20", F91 TP20,No,www.themodel.ie,education@themodel.ie,07191 41405,Culture & the Arts;,Culture & the Arts,54.274,-8.468,N/A,,,,,,,,,,,,
68,Tipperary - Cuan Saor Women's Refuge and Support Services CLG,"Cuan Saor provides free and confidential services to Women and Children experiencing Domestic Abuse - Refuge accommodation (short-term crisis accommodation) 24 Hour/365 day Freephone helpline Support and information (drop-in or by appointment) Counselling Outreach to designated clinics in South Tipperary area Court Accompaniment Service Aftercare, Training and Awareness-raising Child and Family Support","Refuge accommodation (short-term crisis accommodation)24 Hour/365 day Freephone helpline
Support and information (drop-in or by appointment)
Counselling
Outreach to designated clinics in South Tipperary area
Court Accompaniment Service
Aftercare
Training and Awareness-raising
Child and Family Support","Clonmel, Co. Tipperary","Clonmel, Co. Tipperary",No,https://cuansaor.org,support@cuansaor.org,1800 576757,"Information & Advice;Community & Family;Housing support;Education;Public Awareness & Activism;Emergency & Homelessness Support (e.g. food, shelter, day services);",Multiple services,52.359,-7.745,"Monday, Tuesday, Wednesday, Thursday, Friday, Saturday, Sunday: Drop in/By Appointment - Different times for different locations.",,,,,,,,,,,,
154,Tipperary - Fáilte Isteach,"Fáilte Isteach is a conversational English language project involving predominantly older volunteer tutors welcoming migrants and refugees through free, accessible classes. It's a community-based project offering a welcoming space for all. We currently have 200 active locations across 26 counties in Ireland.","Conversational English Classes, Fáilte Isteach, Improve English Conversational Skills, Free English Classes",Office address is Summerhill in Meath but we have group locations across Ireland. All classes are listed here: https://www.thirdageireland.ie/failte-isteach/locations ,A83 PW94,No,https://www.thirdageireland.ie/failte-isteach,failteisteach@thirdageireland.ie,(046) 9557766,Language Support,Language Support,53.483,-6.74,"Available: All classes are available for drop in, although learners are encourage to attend regularly when possible., No time given",,,,,,,,,,,,
178,Tipperary - Legal Aid Board,"The Legal Aid Board is an independent, publicly funded organisation providing civil legal aid and advice, family mediation services, assisted decision-making services, International protection services, and much more. ","Legal Aid, Legal advice, family mediation, international protection, rights of cohabitants, guardianship, assisted decision making, traveller support, abhaile scheme","Law Centre Nenagh, Friars Court, Abbey Street, Nenagh, Co Tipperary",E45 KN59,No,www.legalaidboard.ie,lawcentrenenagh@legalaidboard.ie,Phone: (066) 947 1000  LoCall: 0818 615 200; Tipperary (067) 34181,Information & Advice;Housing support;Community & Family;Legal Advice;International protection;,Multiple services,52.86352802,-8.195978516,N/A,,,,,,,,,,,,
419,Tipperary - Tipperary Education and Training Board (ETB),"Various locations across the county. The remit of Tipperary Education and Training Board, as the statutory provider of education for the County is the provision of a comprehensive range of quality education programmes to meet the needs of the community including Second Level/Post Primary Education, Post Leaving Certificate Programmes, Further Education and  Training Services. ",None,"Church Road, Nenagh, Co. Tipperary. E45 XD59",E45 XD59,No,www.tipperaryetb.ie,nenagh@tipperaryetb.ie,067-31250,"Education, Language Support, Youth Services",Multiple Services,52.867,-8.198,9am-5pm,,,,,,,,,,,,
420,Tipperary - Tipperary LAIT,"We provide advice, guidance and information in order to best support both IPAS and BOTP residents live an independent life in Tipperary. We work with people to develope a personal plan allowing them to reach their full potential. This can involve joining English classes, training, seeking employment and joining groups and clubs.","English classes Tipperary, training courses Tipperary, ",None,E91 N512 ,No,www.tipperarycoco.ie,integration@tipperarycoco.ie,0818065000/0818066000,"Health Services, Information & Advice, Employment & Training, Education, Language Support, Wellbeing & Mental Health, Community & Family, Youth Services",Multiple Services,52.355,-7.7,N/A,,,,,,,,,,,,
210,Tipperary - Youth Work Ireland Tipperary ,"Youth Work Ireland Tipperary delivers an integrated youth service across Tipperary and East Limerick, working with young people aged between 8 and 25 years, their families and communities","Youth groups, youth employment, information, family support, help with forms, printing and photocopying, ","17 Bank Place Tipperary Town, Co. Tipperary",E34 TH92,No,www.youthworktipperary.ie,info@youthworktipperary.ie,062 52604,Information & Advice;Community & Family;Youth Services;,Youth Services,52.49355008,-8.155751408,"Monday, Tuesday, Wednesday, Thursday: 9.30am-5.30pm: Friday 9.30am-4.30pm  ",,,,,,,,,,,,
210,Tipperary - Youth Work Ireland Tipperary ,"Youth Work Ireland Tipperary delivers an integrated youth service across Tipperary and East Limerick, working with young people aged between 8 and 25 years, their families and communities","Youth groups, youth employment, information, family support, help with forms, printing and photocopying, ","Croke Street, Thurles Co. Tipperary", E41 KX76,No,www.youthworktipperary.ie,info@youthworktipperary.ie,0504 23426,Information & Advice;Community & Family;Youth Services;,Youth Services,52.70034489,-7.808311341,"Monday, Tuesday, Wednesday, Thursday: 9.30am-5.30pm: Friday 9.30am-4.30pm  ",,,,,,,,,,,,
145,Tyrone - DU Dance (NI),"We are a professional dance company that offers fun dance workshops and performance opportunities to people with little or no experience. Through dance we aim to build community connections and foster tolerance and respect. Projects include inter-cultural, cross-community and  inter-generational work.  ","Fun, physical, friendly, make friends, open to all, no commitment, try it out, no experience necessary, accessible.","Dungannon Youth Resource Centre, Dungannon, BT70 1DT",BT70 1DT,No,www.dudanceni.com,info@dudanceni.com,02890230877,Wellbeing & Mental Health;Youth Services;Culture & the Arts;,Culture & the Arts,54.50367396,-6.773532084,Wednesday: 6-8.30pm,,,,,,,,,,,,
421,Tyrone - ERANO - Empowering Refugees and Newcomers Organisation,"Our services are aimed at supporting refugees and newcomers to access services and opportunities on an equal basis.  We offer Advice/ guidance services,   Employment Support, Youth work, Access to legal advice   Form filling, Signposting, Refugee Resettlement Programme, English classes, Social events.","Guidance, English classes, Legal Advice, Form Filling",Sheskburn Centre Ballycastle - BT54 6QH,BT70 1DT,No,https://www.facebook.com/RefugeeHubFODC/,mary.lafferty@eran.org.uk,07783706598,"Information & Advice, Language Support, Housing Support, Wellbeing & Mental Health, Community & Family, Legal Advice",Multiple Services,54.599,-7.305,"Monday, Tuesday, Wednesday: 9.30am-5.00pm",,,,,,,,,,,,
422,Tyrone - STEP (South Tyrone Empowerment Programme),"Step is a rights-based community 'anchor' organisation providing a range of support services and social integration and learning opportunities across Mid Ulster, which include an immigration advice and support service for immigrants, migrant workers, refugees and asylum seekers.","employment, training, english classes, wellbeing, advocacy, information","The Junction, 12 Beechvalley Way Dungannon , Co. Tyrone",BT70 1BS,No,www.stepni.org,info@stepni.org,+44 (0) 28 8775 0211,"Information & Advice, Employment & Training, Language Support, Housing Support, Wellbeing & Mental Health, Community & Family, Legal Advice, Public Awareness & Activsm,  referral and linkage to other services if we aren't who you really need ",Multiple Services,54.502,-6.78,Yes.  You can drop-in between 9.30am and 4.30pm Monday-Friday and speak with Chris.,,,,,,,,,,,,
199,Waterford - Access I.T. CLG,"Access I.T. CLG is a community driven social enterprise located in Ballybeg, Waterford. Access I.T provides people living in disadvantages communities with computer training that is affordable, flexible and informal, enabling them to become more confident and gain valuable skills with modern information technology.  ","ICDL, Photoshop, Pc basics, After school kids, Over 55's Tech Club, Smartphone Courses","The Campus, BRILLFRC Ballybeg, Waterford, Ireland.",X91 YPC4,No,https://accessit.ie/,info@accessit.e,051-374849,Education;Employment & Training;Community & Family;,Education,52.24,-7.142,N/A,,,,,,,,,,,,
37,Waterford - Amal Women Ireland,"A Muslim women-led organization providing essential support to Muslim women and those connected to the Muslim community across Ireland, addressing barriers to accessing vital services in times of crisis.","Domestic violence, women support, court support, English classes, coffee morning, translation, help with forms, art activity, community development, anti racism.","1 Viewmount Park, Farranshoneen, Waterford, X91 PNR4",X91 PNR4,No,www.amalwomenirl.com,help@amalwomenirl.com,"Arabic:  +353 899 4626 89, +353 874 677 638; English/Urdu/Hindi: +353 89 981 8044, +353 89 978 4017","Information & Advice;Language Support;Wellbeing & Mental Health;Community & Family;Youth Services;Legal Advice;Public Awareness & Activism;Culture & the Arts;Court accompaniment, career guidance clinic;Employment & Training;",Multiple services,52.24493681,-7.072583935,"Monday, Tuesday, Wednesday, Thursday: 10:00am-2:30pm",,,,,,,,,,,,
154,Waterford - Fáilte Isteach,"Fáilte Isteach is a conversational English language project involving predominantly older volunteer tutors welcoming migrants and refugees through free, accessible classes. It's a community-based project offering a welcoming space for all. We currently have 200 active locations across 26 counties in Ireland.","Conversational English Classes, Fáilte Isteach, Improve English Conversational Skills, Free English Classes",Office address is Summerhill in Meath but we have group locations across Ireland. All classes are listed here: https://www.thirdageireland.ie/failte-isteach/locations ,A83 PW94,No,https://www.thirdageireland.ie/failte-isteach,failteisteach@thirdageireland.ie,(046) 9557766,Language Support,Language Support,53.483,-6.74,"Available: All classes are available for drop in, although learners are encourage to attend regularly when possible., No time given",,,,,,,,,,,,
178,Waterford - Legal Aid Board,"The Legal Aid Board is an independent, publicly funded organisation providing civil legal aid and advice, family mediation services, assisted decision-making services, International protection services, and much more. ","Legal Aid, Legal advice, family mediation, international protection, rights of cohabitants, guardianship, assisted decision making, traveller support, abhaile scheme","Law Centre Waterford, Otteran Place, South Parade, Waterford",X91 W702,No,www.legalaidboard.ie,lawcentrewaterford@legalaidboard.ie,Phone: (066) 947 1000  LoCall: 0818 615 200; Waterford (087) 000 7917 / (087) 608 9883,Information & Advice;Housing support;Community & Family;Legal Advice;International protection;,Multiple services,52.25871705,-7.103310195,N/A,,,,,,,,,,,,
87,Waterford - Men's Development Network,"The National Male Advice Line (MAL) offers confidential phoneline advice and support to Men experiencing domestic violence and abuse during specific hours, seven days a week, 365 days a year. It is a FREEPHONE service. OPENING HOURS Monday & Wednesday: 10am-8pm Tuesday & Thursday: 12-8pm Friday 2-8pm Saturday, Sunday, Bank Hols: 2-6pm","Confidential support, domestic abuse, emotional support, family advice, parenting support, relationship support","EQUALITY HOUSE 49-50 O'Connell Street, Waterford, X91 E866, Ireland",X91 E866,No,https://mensnetwork.ie/mal/,mal@mensnetwork.ie,MALE Advice Line FREEPHONE 1800 816 588,Information & Advice;Wellbeing & Mental Health;Domestic Violence/Abuse Support;,Multiple services,52.262,-7.118,N/A,,,,,,,,,,,,
423,Waterford - Places of Sanctuary/Schools of Sanctuary,"We aim to build a culture of welcome, inclusion and understanding for all refugees and asylum seekers coming to Ireland. We help create spaces where refugees and other newcomers can meet and build understanding with locals, through Schools, Universities and other Places of Sanctuary.","Welcoming refugees in schools, Universities, churches, libraries and communities",Waterford,None,No,https://schools-ireland.cityofsanctuary.org/,schools@ireland.cityofsanctuary.org,None,"Employment & Training, Education, Language Support, Community & Family, Public Awareness & Activsm, Empowering and linking refugees and host communities",Education,52.259,-7.11,N/A,,,,,,,,,,,,
14,Waterford - Waterford Integration Services,"Waterford Integration Services is a humanitarian NGO providing support, services and programmes to displaced migrants in the Southeast. We promote human rights, community development principles and the sustainable development goals through our work. We prioritise information, advice and advocacy support.","Assistance with online applications, connecting to other services, professional referrals, education opportunities, volunteering opportunities, work experience, cultural events, assistance with reporting incidences of racism, information, advice and advocacy, support with immigration issues.","WCQ Place, 17-18 O'Connell Street, Waterford",X91 KVN9,No,waterfordintegrationservices.com ,anne.nolisu@gmail.com,051 575000 ,Information & Advice;Education;Language Support;Wellbeing & Mental Health;Community & Family;Culture & the Arts;Public Awareness & Activism;,Multiple services,52.262,-7.117,"Monday, Tuesday, Wednesday, Thursday,Friday: 9am-3pm",,,,,,,,,,,,
425,Waterford - Waterford Local Authority Integration Team,"The LAIT works with International Protection Applicants, BOTPs, Programme Refugees and those with Refugee, Subsidiary Protection or Permission to remain status.  The LAIT signposts Individuals to Services, provides Information Packs and offers Information Clinics on a range of different topics to support successful integration into Society.",Signposting to services. Information packs. Information Clinics. One to One Appointments. ,"St Johns Hall, Catherine Street, Waterford City, Waterford",X91 X827,No,www.waterfordcouncil.ie,integration@waterfordcouncil.ie,0861648318,"Information & Advice, Signposting to the above services. ",Information & Advice,52.259,-7.108,N/A,,,,,,,,,,,,
115,Waterford - Waterford New Communities Network,Representative and advocacy body and umbrella organisation of migrant individuals and groups in county Waterford. ,None,"16-18 O'Connell Street, WCQ Place, Community and Cultural Hub, Waterford City",X91KVN9,No,www.waterfordncn.ie ,contact@waterfordncn.ie,N/A,Information & Advice;Community & Family;Culture & the Arts;Public Awareness & Activism;Legal Advice;Wellbeing & Mental Health;Language Support;Education;Employment & Training;,Multiple services,52.262,-7.115,Tuesday: 6-8pm,,,,,,,,,,,,
426,Waterford - Waterford Sanctuary Runners,"We meet every 2nd Saturday for a social run, and join occasional organised running events like Park Run, 5Ks, 10Ks. All welcome. Walk or Run. New arrivals and Irish residents together. It's a great way to do something healthy and connect with others in the area. Solidarity | Friendship | Respec #RunAsOne","Community, friendship, network, running, walking, jogging, exercise, mental health, wellbeing, parks",None,None,No,https://sanctuaryrunners.ie/,waterford@sanctuaryrunners.ie,086 1296995,"Wellbeing & Mental Health, Community & Family",Wellbeing & Mental Health,52.243,-7.122,N/A,,,,,,,,,,,,
427,Waterford - Waterford Volunteer Centre,"We support individuals in finding volunteering opportunities that can benefit them in many ways, such as gaining new skills, meeting new people, and giving back to the community. We also support organisations that involve volunteers.",volunteer opportunities,"4C Manor House, Manor Village, Cork Road, Waterford",X91 HH9P,No,www.volunteerwaterford.ie,info@volunteerwaterford.ie,083 026 8144 / 086 142 4928,Information & Advice,Multiple Services,52.252,-7.117,"Tuesday, Thursday: 11am-3pm",,,,,,,,,,,,
154,Westmeath - Fáilte Isteach,"Fáilte Isteach is a conversational English language project involving predominantly older volunteer tutors welcoming migrants and refugees through free, accessible classes. It's a community-based project offering a welcoming space for all. We currently have 200 active locations across 26 counties in Ireland.","Conversational English Classes, Fáilte Isteach, Improve English Conversational Skills, Free English Classes",Office address is Summerhill in Meath but we have group locations across Ireland. All classes are listed here: https://www.thirdageireland.ie/failte-isteach/locations ,A83 PW94,No,https://www.thirdageireland.ie/failte-isteach,failteisteach@thirdageireland.ie,(046) 9557766,Language Support,Language Support,53.483,-6.74,"Available: All classes are available for drop in, although learners are encourage to attend regularly when possible., No time given",,,,,,,,,,,,
178,Westmeath - Legal Aid Board,"The Legal Aid Board is an independent, publicly funded organisation providing civil legal aid and advice, family mediation services, assisted decision-making services, International protection services, and much more. ","Legal Aid, Legal advice, family mediation, international protection, rights of cohabitants, guardianship, assisted decision making, traveller support, abhaile scheme","Law Centre Athlone, Paynes Lane, Irishtown, Athlone, Co Westmeath",N37 RK33,No,www.legalaidboard.ie,lawcentreathlone@legalaidboard.ie,Phone: (066) 947 1000  LoCall: 0818 615 200; Westmeath (090) 64 74694,Information & Advice;Housing support;Community & Family;Legal Advice;International protection;,Multiple services,53.42277229,-7.934646798,N/A,,,,,,,,,,,,
428,Westmeath - Local Authority Integration Team (LAIT) Westmeath County Council,"LAITs promote integration from day one by helping international protection applicants, refugees, and beneficiaries of temporary protection access essential services and supports. Through clinics, and tailored coordination, LAITs ensure individuals and families can fully engage with their communities and thrive in their new environment.","Integration, Access, Welcoming, Supportive, Help, Inclusive, Empowering, Practical, Caring, Community, Guidance, Holistic, Compassionate","Westmeath County Council, Civic Centre, Church Street, Athlone, Westmeath ",N37 P2T5 ,No,https://www.westmeathcoco.ie/en/ourservices/communitydevelopment/lait/,integration@westmeathcoco.ie,090 644 2208  or 087 037 0751,Information & Advice,Multiple Services,53.424,-7.937,Yes - please contact us for details.,,,,,,,,,,,,
429,Westmeath - LWETB FET Guidance Service,"Returning to learning as an adult can be challenging, especially if early experiences of education were difficult. LWETB FET Guidance Service offers information, advice and guidance on training, education and careers for adults who are interested in returning to education. ","Guidance, Adult Education, Courses, ","Offices in Athlone, Longford and Mullingar",N37 X2F1,No,www.lwetb.ie,adultguidance@lwetb.ie,044 9342111,Education,Education,53.419,-7.949,N/A,,,,,,,,,,,,
430,Westmeath - LWETB FET Guidance Service,"Returning to learning as an adult can be challenging, especially if early experiences of education were difficult. LWETB FET Guidance Service offers information, advice and guidance on training, education and careers for adults who are interested in returning to education. ","Guidance, Adult Education, Courses, ","Offices in Athlone, Longford and Mullingar",N37 X985,No,www.lwetb.ie,adultguidance@lwetb.ie,044 9342111,Education,Education,53.42629804,-7.889283704,N/A,,,,,,,,,,,,
431,Westmeath - LWETB FET Guidance Service,"Returning to learning as an adult can be challenging, especially if early experiences of education were difficult. LWETB FET Guidance Service offers information, advice and guidance on training, education and careers for adults who are interested in returning to education. ","Guidance, Adult Education, Courses, ","Offices in Athlone, Longford and Mullingar",N91 RW96,No,www.lwetb.ie,adultguidance@lwetb.ie,044 9342111,Education,Education,53.52422755,-7.293358839,N/A,,,,,,,,,,,,
432,Westmeath - New Horizon Refugee Asylum Seeker Support,Welcome and support people who seek refuge in our midst. Give information and support as necessary. Celebrate the riches the newcomers bring to this society.,"Information, Social events, ","10 Church St, Athlone, Co. Westmeath, N37 AP59",N37 AP59,No,www.newhorizonathlone.org,info@newhorizonathlone.org,0863301216,"Information & Advice, Education, Language Support, Wellbeing & Mental Health, Community & Family, Youth Services, Public Awareness & Activsm",Multiple Services,53.424,-7.939,N/A,,,,,,,,,,,,
154,Wexford - Fáilte Isteach,"Fáilte Isteach is a conversational English language project involving predominantly older volunteer tutors welcoming migrants and refugees through free, accessible classes. It's a community-based project offering a welcoming space for all. We currently have 200 active locations across 26 counties in Ireland.","Conversational English Classes, Fáilte Isteach, Improve English Conversational Skills, Free English Classes",Office address is Summerhill in Meath but we have group locations across Ireland. All classes are listed here: https://www.thirdageireland.ie/failte-isteach/locations ,A83 PW94,No,https://www.thirdageireland.ie/failte-isteach,failteisteach@thirdageireland.ie,(046) 9557766,Language Support,Language Support,53.483,-6.74,"Available: All classes are available for drop in, although learners are encourage to attend regularly when possible., No time given",,,,,,,,,,,,
433,Wexford - Gorey Citizens Information Centre,"Gorey Citizens Information Centre provides a free, confidential and impartial information, advice and advocacy service in relation to your rights, entitlements and responsibilities.","Information, advice and advocacy around your rights and entitlements.",Y25 Y5P3,Y35 XN96 ,No,www.citizensinformation.ie,gorey@citinfo.ie,0818076700,Information & Advice,Information & Advice,52.338,-6.46,"Monday, Tuesday, Thursday, Friday: 9:30am-12:30pm",,,,,,,,,,,,
80,Wexford - International Organization for Migration (IOM) - IBG Services,"The International Organization for Migration (IOM) is the UN agency that supports humane and orderly migration. It assists governments and migrants through services including resettlement, return assistance, emergency response, and integration support, while promoting international cooperation and protecting the rights and dignity of people on the move.",Support to Beneficiaries of Temporary Protection (ie. from Ukraine): Information provision ,Rosslare Euro-port,,No,https://ireland.iom.int/,iomdublin@iom.int,1800 406 406,Information & Advice;,Information & Advice,52.2553746,-6.34151216,"Monday, Tuesday, Wednesday, Thursday, Friday: 10am-3pm.  Whenever possible, it's advisable to call ahead and schedule an appointment.",,,,,,,,,,,,
178,Wexford - Legal Aid Board,"The Legal Aid Board is an independent, publicly funded organisation providing civil legal aid and advice, family mediation services, assisted decision-making services, International protection services, and much more. ","Legal Aid, Legal advice, family mediation, international protection, rights of cohabitants, guardianship, assisted decision making, traveller support, abhaile scheme","Law Centre Wexford, 8 Slaney Street, Westgate, Wexford",Y35 HF68,No,www.legalaidboard.ie,lawcentrewexford@legalaidboard.ie,Phone: (066) 947 1000  LoCall: 0818 615 200; Wexford (053) 9122622 ,Information & Advice;Housing support;Community & Family;Legal Advice;International protection;,Multiple services,52.34223233,-6.46423102,N/A,,,,,,,,,,,,
434,Wexford - Places of Sanctuary/Schools of Sanctuary,"We aim to build a culture of welcome, inclusion and understanding for all refugees and asylum seekers coming to Ireland. We help create spaces where refugees and other newcomers can meet and build understanding with locals, through Schools, Universities and other Places of Sanctuary.","Welcoming refugees in schools, Universities, churches, libraries and communities",Wexford,None,No,https://schools-ireland.cityofsanctuary.org/,schools@ireland.cityofsanctuary.org,None,"Employment & Training, Education, Language Support, Community & Family, Public Awareness & Activsm, Empowering and linking refugees and host communities",Education,52.337,-6.463,N/A,,,,,,,,,,,,
435,Wexford - Wexford Citizens Information Centre,"Wexford Citizens Information Centre provides free, confidential and impartial advice on your rights, entitlements and responsibilties.",Information on rights and entitlements.,"28 Henrietta Street, Wexford",Y35 XN96 ,No,www.citizensinformation.ie,wexford@citinfo.ie,0818076720,Information & Advice,Information & Advice,52.338,-6.46,"Monday, Tuesday, Wednesday, Thursday, Friday: 9:30am-12:30pm",,,,,,,,,,,,
176,Wexford - Wexford Rape Crisis,"Support Services including one to one counselling for women, men and young people (aged 12 years and upwards) who have been impacted by domestic , sexual and gender-based violence.","Sexual violence, domestic violence, rape, historical child sexual abuse, Gender-based violence, Counselling","The Rocks, Maudlintown, Wexford",Y35NF8A,No,www.wexfordrapecrisis.com,support@wexfordrapecrisis.com,1800330033,Wellbeing & Mental Health;,Wellbeing & Mental Health,52.33,-6.453,N/A,,,,,,,,,,,,
436,Wexford - Wexford Volunteer Centre,A one stop shop for everything to do with volunteering in Co. Wexfprd. Working to promote and support volunteering in the county. A resource for individuals who wish to volunteer and for groups who engage volunteers. ,"volunteer, connections with groups, community","Iberius House, Common Quay Street, Wexford",Y35K020,No,www.volunteerwexford.ie ,ewa@volunteerwexford.ie,0872593650,"Information & Advice, Community & Family, Public Awareness & Activsm",Multiple Services,52.34,-6.461,"Monday, Tuesday, Wednesday, Thursday, Friday: 10am-4pm",,,,,,,,,,,,
437,Wicklow - Bray Area Partnership,"Local social inclusion charity working in the Bray and North Wicklow area. We provide a wide range of free services and supports in the community - including training for work, conversational English language classes and a Ukrainian Community Centre. See our website for more information.","Finding work, English classes, training, ","First Floor, The Boulevard, Quinsborough Road, Bray, Co. Wicklow",A98 Y4X2,No,www.brayareapartnership.ie,info@brayareapartnership.ie,35312868266,A wide range of services and supports in the local community,Multiple Services,53.205,-6.106,N/A,,,,,,,,,,,,
192,Wicklow - Bray Sanctuary Runners,"Sanctuary Runners is a solidarity-through-sport initiative which uses running, jogging and walking to bring together asylum seekers, refugees, migrants and all Irish residents. ","Sport, running, wicklow, bray",None,None,No,www.sanctuaryrunners.ie,wicklow@sanctuaryrunners.ie,N/A,Community & Family;Wellbeing & Mental Health;Sport;,Sport,53.205,-6.106,N/A,,,,,,,,,,,,
154,Wicklow - Fáilte Isteach,"Fáilte Isteach is a conversational English language project involving predominantly older volunteer tutors welcoming migrants and refugees through free, accessible classes. It's a community-based project offering a welcoming space for all. We currently have 200 active locations across 26 counties in Ireland.","Conversational English Classes, Fáilte Isteach, Improve English Conversational Skills, Free English Classes",Office address is Summerhill in Meath but we have group locations across Ireland. All classes are listed here: https://www.thirdageireland.ie/failte-isteach/locations ,A83 PW94,No,https://www.thirdageireland.ie/failte-isteach,failteisteach@thirdageireland.ie,(046) 9557766,Language Support,Language Support,53.483,-6.74,"Available: All classes are available for drop in, although learners are encourage to attend regularly when possible., No time given",,,,,,,,,,,,
178,Wicklow - Legal Aid Board,"The Legal Aid Board is an independent, publicly funded organisation providing civil legal aid and advice, family mediation services, assisted decision-making services, International protection services, and much more. ","Legal Aid, Legal advice, family mediation, international protection, rights of cohabitants, guardianship, assisted decision making, traveller support, abhaile scheme","Law Centre Wicklow, Floor 3, Block D, Civic Offices, Main Street, Bray, Co Wicklow",A98 X456,No,www.legalaidboard.ie,lawcentrewicklow@legalaidboard.ie,Phone: (066) 947 1000  LoCall: 0818 615 200; Wicklow (01) 202 2644,Information & Advice;Housing support;Community & Family;Legal Advice;International protection;,Multiple services,53.20434158,-6.100647636,N/A,,,,,,,,,,,,
438,Wicklow - Local Authority Integration Team (Wicklow County Council),"The LAIT promotes integration from day one by helping international protection applicants, refugees, and beneficiaries of temporary protection access essential services and supports. ","Integration, Access, Welcoming, Supportive, Help, Inclusive, Empowering, Practical, Caring, Community, Guidance, Informative, Holistic, Compassionate","Wicklow County Council,  County Buildings,  Whitegates,  Wicklow Town,  A67 FW96",A67 FW96,No,https://www.localgov.ie/national-programmes/local-authority-integration-teams,integration@wicklowcoco.ie,(0404) 20100,Information & Advice,Multiple Services,52.986,-6.051,N/A,,,,,,,,,,,,
439,Wicklow - Sanctuary Runners,"We have groups nation wide. You can find the updated list at https://sanctuaryrunners.ie/groups/  . Sanctuary Runners uses running, jogging and walking to bring together everyone in the community. Our model allows people to get to know each other and have fun while getting some exercise, especially migrants and refugees new to the community! We operate under the principles of solidarity, friendship and respect. ","Community, friendship, network, running, walking, jogging, exercise, mental health, wellbeing, parks",Bray,None,No,https://sanctuaryrunners.ie/,wicklow@sanctuaryrunners.ie,None,"Wellbeing & Mental Health, Community & Family",Multiple Services,53.201,-6.111,"Yes, each group welcomes people to 'just show up'. Times vary depending on the group",,,,,,,,,,,,
440,Wicklow - South Leinster Citizens Information Service/Co. Wicklow,"We provide information, advice/assistance on a rights and entitlements in areas such as migrants rights, social welfare supports, housing rights , medical cards, employment rights, consumer issues, local information and more","Help with form filling, advocacy service,  drop in service, face to face meeting, information ","Arklow CIC 73 Lower Main Street, Arklow, Y14 TR88",Y14 TR88,No,www.citizensinformation.ie ,arklow@citinfo.ie,0818 07 6780,Information & Advice,Information & Advice,52.7968087,-6.152089771,"Monday, Tuesday, Wednesday, Thursday: 9.30am-1pm; Friday: 9.30am-12.30pm",,,,,,,,,,,,
91,Wicklow - South Leinster Citizens Information Service/Co. Wicklow ,"We  provide free, impartial and confidential information, advice and advocacy services to the public on social services, rights and entitlements. The range of areas we cover include  social welfare and other social issues such as employment, health services, housing, education, family matters, consumer rights and more","information, advice, advocacy, form filling, digital help service, virtual CIC, social welfare, employment, health issues, money & tax, moving country, disability, education & training, housing issues, family & relationships, legal advice, local information ","Bray Citizens Information Centre, 2 The Boulevard, Quinsboro Road, Bray, Co. Wicklow",A98 F6A2 ,No,www.citizensinformation.ie ,bray@citinfo.ie , 0818 07 6780,Information & Advice;,Legal Advice,53.206,-6.106,"Monday: 9.30am-1.00pm and 2-5pm: Tuesday, Wednesday, Thursday, Friday: 9.30am-1.00pm",,,,,,,,,,,,
442,Wicklow - Wicklow Local Authority Integration Team (LAIT),"The Wicklow Local Authority Integration Team (LAIT) promote integration from day one by providing support to international protection applicants, refugees, and beneficiaries of temporary protection in County Wicklow.  This is done via clinics in the cohort's residential setting or in a public venue. Support can also be offered via email. ","Integration, Access, Welcoming, Orientation to Ireland, Supportive, Help, Inclusive, Empowering, Practical, Caring, Community, Guidance, Informative, Holistic, Compassionate, Pathways to Employment, English Classes, Education, Training","Wicklow County Council, County Buildings, Whitegates, Wicklow Town, Co. Wicklow A67FW96",A67 FW96,No,https://www.localgov.ie/national-programmes/local-authority-integration-teams,integration@wicklowcoco.ie,None,Information & Advice,Information & Advice,52.986,-6.051,N/A,,,,,,,,,,,,
,,,,,,,,,,,,,,,,,,,,,,,,,,
,,,,,,,,,,,,,,,,,,,,,,,,,,
,,,,,,,,,,,,,,,,,,,,,,,,,,